CustID,FirstName,LastName,Age,Phone,Email,Address,BillingInfo
1,Annora,Sly,59,801-686-9359,asly0@moonfruit.com,953 Stuart Drive,5602234456411921
2,Valentijn,Lassen,29,212-789-9922,vlassen1@utexas.edu,9325 Mcguire Crossing,633346538315376863
3,Rollins,Holt,58,424-334-9170,rholt2@nydailynews.com,24191 Acker Trail,30066575848333
4,Zacherie,Korneev,46,868-133-4278,zkorneev3@msn.com,25832 Westend Alley,201717076228408
5,Hannis,Lasseter,22,801-293-2039,hlasseter4@cdbaby.com,59 Waywood Court,675977306253940653
6,Moyna,Scottesmoor,34,419-668-1083,mscottesmoor5@cocolog-nifty.com,674 Buhler Alley,3530540485261935
7,Carmon,Hebditch,41,875-568-6392,chebditch6@domainmarket.com,0185 Duke Crossing,3534194312270309
8,Greggory,Cosker,48,715-692-2433,gcosker7@flickr.com,3 Gulseth Street,4175006990541607
9,Brandea,Starbeck,50,371-870-0813,bstarbeck8@mozilla.org,1 Dorton Hill,3543300016552012
10,Joseito,Henner,32,972-915-7918,jhenner9@craigslist.org,4 Springs Place,3585747013954303
11,Marne,Moorcroft,43,836-358-2688,mmoorcrofta@twitpic.com,945 Melrose Junction,30468586036843
12,Florrie,Piddlehinton,30,153-381-9358,fpiddlehintonb@abc.net.au,987 Hanover Avenue,3550439147781742
13,Tallie,Riolfi,46,489-828-0619,triolfic@nps.gov,10 Artisan Center,3549679342750497
14,Antin,Farrimond,50,970-983-1333,afarrimondd@digg.com,68 Eastwood Court,3585346163165149
15,Teri,Buttel,46,741-941-7747,tbuttele@jigsy.com,18776 Johnson Park,3534391284802552
16,Mandy,Siburn,47,254-126-5858,msiburnf@psu.edu,2 Carey Park,3580396285575381
17,Rufus,Carette,56,232-157-2974,rcaretteg@odnoklassniki.ru,0598 Lillian Court,589308549561048049
18,Marlyn,Withey,30,908-257-3976,mwitheyh@cloudflare.com,84445 Little Fleur Crossing,3556719505430998
19,Mariana,Pymer,26,423-565-3929,mpymeri@geocities.com,491 Chinook Terrace,06047421936532373
20,Nowell,Itscovitz,25,369-448-4632,nitscovitzj@instagram.com,4245 Anderson Lane,3546510522547176
21,Lenci,Waud,55,817-270-1947,lwaudk@yahoo.com,5668 Mayfield Parkway,670648428442053659
22,Lek,Brotherhood,28,862-344-3149,lbrotherhoodl@netvibes.com,55110 Starling Alley,5602217167481002
23,Almeda,Leppingwell,33,729-308-5358,aleppingwellm@umich.edu,9 Bonner Junction,3589056375269516
24,Joe,Goulborne,45,749-643-0401,jgoulbornen@friendfeed.com,828 Carey Drive,36120999026887
25,York,Jephcott,43,365-791-9424,yjephcotto@seattletimes.com,8 Vahlen Center,4041377584735
26,Michal,Dryden,30,279-125-9871,mdrydenp@ustream.tv,75 Florence Park,201835022344135
27,Mimi,Trulock,49,122-559-2168,mtrulockq@theglobeandmail.com,119 South Parkway,3538731190361191
28,Hoebart,Pinckney,59,612-746-0504,hpinckneyr@technorati.com,806 Algoma Street,56105754698414594
29,Gretta,Binton,50,456-170-8771,gbintons@soup.io,845 Tony Place,3534060464265316
30,Dorena,Gall,39,718-107-0767,dgallt@amazon.de,9 Kedzie Terrace,3546211206018838
31,Zelda,Coatman,31,816-455-0255,zcoatmanu@narod.ru,3251 Mcguire Lane,5602236203123432266
32,Sophey,Meininger,60,765-732-3510,smeiningerv@amazon.com,47 Anderson Way,5018033922546692
33,Kin,Iaduccelli,22,784-297-0676,kiaduccelliw@ehow.com,77 David Court,3556335785679467
34,Nevile,Lanigan,21,883-198-8996,nlaniganx@discuz.net,0024 David Alley,3567629707509530
35,Kristine,Grattan,22,329-198-3717,kgrattany@un.org,238 Iowa Alley,3544704331741938
36,Andris,Van Velde,42,263-303-5250,avanveldez@reddit.com,3 Hauk Trail,3561538824881183
37,Hartley,Newling,57,517-389-8093,hnewling10@mapy.cz,1 Dryden Parkway,3544654563443648
38,Charley,Kennealy,57,457-240-9351,ckennealy11@hhs.gov,365 Hollow Ridge Plaza,5521121566470939
39,Astrid,Meegin,32,943-201-8488,ameegin12@indiegogo.com,6458 Spohn Street,3550164352877056
40,Cyrus,Littlechild,55,395-843-1502,clittlechild13@tripod.com,0508 Hudson Pass,3545641470751485
41,Keelby,Duckerin,41,317-988-3451,kduckerin14@auda.org.au,935 Memorial Place,3577316114565341
42,Padget,Lauks,53,466-528-6173,plauks15@acquirethisname.com,569 Iowa Drive,3541439474601747
43,Silvester,Baldini,55,609-374-0379,sbaldini16@dmoz.org,9 Sutherland Place,3565682902418249
44,Giustina,Gland,57,730-973-3324,ggland17@jalbum.net,6844 Bobwhite Way,3545226849361065
45,Benedick,Knill,28,179-482-1958,bknill18@sohu.com,80413 Dawn Pass,3534362517241280
46,Bertrando,Pappi,50,227-824-9216,bpappi19@slideshare.net,50 Rutledge Trail,5020109476448129283
47,Alexandra,MacUchadair,29,524-910-3569,amacuchadair1a@dropbox.com,50 Fremont Hill,4917172658167045
48,Wylie,Aslin,45,616-847-5870,waslin1b@pen.io,2175 Hooker Street,201500545278869
49,Ddene,Craigheid,30,457-719-5397,dcraigheid1c@comsenz.com,54401 Burning Wood Park,36644192916198
50,Concettina,Deverille,41,750-244-6639,cdeverille1d@go.com,087 Westport Trail,3543527005942206
51,Fremont,Ledger,60,717-377-8706,fledger1e@dailymotion.com,1660 Aberg Place,3534356099434164
52,Kerrill,Meeking,40,950-639-6716,kmeeking1f@last.fm,8 Dunning Pass,4844547372489072
53,Leisha,Horbath,54,677-421-4664,lhorbath1g@nationalgeographic.com,6 Longview Terrace,3588753797068309
54,Skip,Lawday,21,935-452-2015,slawday1h@flickr.com,24235 Village Way,3579909306068765
55,Row,Sertin,27,696-320-9762,rsertin1i@liveinternet.ru,2143 Valley Edge Drive,201739243280732
56,Linnet,Snashall,38,654-946-0010,lsnashall1j@posterous.com,20049 Orin Court,5602240838170259
57,Ike,Bathersby,29,118-170-5112,ibathersby1k@bigcartel.com,589 Arrowood Junction,67612968435856049
58,Danica,Pinhorn,27,395-550-1443,dpinhorn1l@360.cn,6123 Namekagon Lane,5100132868486225
59,Wyndham,Edscer,27,874-291-7940,wedscer1m@prlog.org,60045 Glendale Drive,5610669793131631726
60,Claiborn,Heino,24,931-947-3556,cheino1n@issuu.com,10 Eastlawn Way,5602227221314719
61,Glynda,Duff,31,141-390-8519,gduff1o@wikimedia.org,33 Garrison Terrace,201727983883161
62,Mendel,Perham,39,109-634-1023,mperham1p@guardian.co.uk,5 Union Alley,5561176518327554
63,Alexandrina,McGrae,58,446-551-8434,amcgrae1q@nbcnews.com,736 Darwin Place,30281881657936
64,Ashla,Normington,33,937-117-7643,anormington1r@usatoday.com,43 Sullivan Crossing,6380743062322898
65,Georgeta,Woodyer,33,807-379-0788,gwoodyer1s@blogtalkradio.com,70094 Northview Crossing,3550825207503036
66,Erek,Keoghan,20,921-252-6162,ekeoghan1t@auda.org.au,7717 Sunnyside Drive,5038881031788913055
67,Vivianne,Ryan,29,249-768-1375,vryan1u@theglobeandmail.com,946 Monument Center,564182075963787772
68,Ezmeralda,Grocutt,31,645-354-9396,egrocutt1v@independent.co.uk,506 Meadow Valley Plaza,3570820273770235
69,Jameson,Adolphine,60,874-416-3925,jadolphine1w@de.vu,8416 Boyd Trail,3588253473985025
70,Aryn,Stout,20,244-361-7682,astout1x@etsy.com,75032 Coolidge Crossing,3531159383843642
71,Ludovico,Merrett,39,644-536-5751,lmerrett1y@phoca.cz,7 Ronald Regan Way,5602250919465452
72,Herrick,Goudard,40,292-407-0939,hgoudard1z@netscape.com,5487 Kinsman Pass,3548455671448602
73,Ailey,Leber,60,866-153-5338,aleber20@xrea.com,52 Straubel Place,5100140033166598
74,Marlane,Eberle,44,747-433-4496,meberle21@addthis.com,84 Novick Alley,3568952531438646
75,Corella,Alentyev,21,460-154-1772,calentyev22@kickstarter.com,3 Mesta Place,3569910594793629
76,Alikee,Hulbert,33,139-471-7423,ahulbert23@merriam-webster.com,68 Dawn Drive,5245584994032396
77,Jaime,Geeve,60,411-834-8463,jgeeve24@sogou.com,08 Warbler Drive,3581026278611369
78,Sara-ann,Marchington,52,368-482-5521,smarchington25@huffingtonpost.com,50530 Hanson Lane,3561589111438278
79,Marguerite,Baskwell,48,769-110-0609,mbaskwell26@rambler.ru,98819 Carey Hill,5205612740522465
80,Marianna,Rate,29,434-912-5594,mrate27@berkeley.edu,59 Karstens Circle,3585718477514404
81,Danny,Fonteyne,42,425-701-7008,dfonteyne28@macromedia.com,96322 Lotheville Avenue,3550854607494489
82,Paolo,Andrez,33,393-691-9384,pandrez29@ucsd.edu,058 Basil Road,201639785920085
83,Ansel,Ibanez,49,744-570-1049,aibanez2a@yale.edu,93040 Blue Bill Park Road,346188835183670
84,Deva,Le Marchant,23,399-834-2918,dlemarchant2b@foxnews.com,34752 6th Alley,5048376079553837
85,Fawn,Rangell,53,610-711-1243,frangell2c@123-reg.co.uk,617 West Place,3565731818449275
86,Burty,Roobottom,23,261-810-1362,broobottom2d@yolasite.com,801 Westerfield Pass,4844748205172121
87,Kathrine,Dunstan,45,273-507-6366,kdunstan2e@cocolog-nifty.com,294 Manufacturers Junction,30211417311716
88,Everett,Womack,21,938-987-2772,ewomack2f@illinois.edu,3714 Hayes Alley,56022526145580445
89,Antonius,McCrackem,51,132-179-2494,amccrackem2g@state.tx.us,0345 Division Alley,560221946392954384
90,Regen,Pigot,41,551-982-8111,rpigot2h@admin.ch,22480 Cardinal Terrace,3570129821795011
91,Lise,Joska,44,952-712-8950,ljoska2i@hp.com,824 Tennyson Place,502022654748267765
92,Malvin,Bool,41,117-537-7126,mbool2j@deviantart.com,59 Melby Road,3557669171641544
93,Ronalda,Abba,30,800-909-2157,rabba2k@wsj.com,53 Starling Terrace,501824254067621254
94,Adeline,Jaggers,24,890-604-0006,ajaggers2l@shop-pro.jp,8 Chive Terrace,5584783260098680
95,Galina,Ronisch,58,677-393-8859,gronisch2m@4shared.com,81 Mandrake Avenue,3578454626458470
96,Dimitry,Hallas,27,816-645-5861,dhallas2n@infoseek.co.jp,05 Upham Court,3571478112188199
97,Bord,Reiach,31,283-309-4081,breiach2o@engadget.com,004 Summer Ridge Street,5341492823427774
98,Chadd,Daveley,36,319-929-1494,cdaveley2p@squarespace.com,03 Nova Drive,0604778323432296858
99,Renata,Benzies,26,454-363-6216,rbenzies2q@harvard.edu,23 Darwin Center,3547022242559969
100,Adolphus,Huxstep,44,270-487-1168,ahuxstep2r@answers.com,7 7th Junction,3552411545648409
101,Dedie,Housecroft,52,249-337-1679,dhousecroft2s@opensource.org,23 Hollow Ridge Crossing,3561127548322136
102,Nanete,St Ledger,34,741-799-8139,nstledger2t@de.vu,2 Hermina Terrace,5038357433078010
103,Auberta,Skylett,25,226-617-4525,askylett2u@sun.com,98 Glendale Hill,3535627997232507
104,Atalanta,Jonin,45,537-532-0495,ajonin2v@dropbox.com,7966 Northport Avenue,30425241626673
105,Katherine,Pippin,59,249-867-2098,kpippin2w@time.com,7 Montana Terrace,3574079981117736
106,Yasmin,Mart,54,514-457-9779,ymart2x@myspace.com,6908 Caliangt Circle,3546183390418126
107,Auroora,Adey,24,165-871-6843,aadey2y@army.mil,6 Lakewood Point,3534300101564261
108,Tally,Bester,31,436-678-2618,tbester2z@furl.net,18 Browning Circle,3537165504010577
109,Jackqueline,Puckring,31,552-201-1251,jpuckring30@spotify.com,40 Lindbergh Way,4913252265333539
110,Marijn,Blacklawe,26,350-812-1053,mblacklawe31@amazon.co.jp,23 Grayhawk Crossing,3568625188507257
111,Karie,Crossman,20,295-460-1525,kcrossman32@seesaa.net,67627 Carioca Lane,3529854578338960
112,Craggy,Celand,41,337-788-5576,cceland33@cnbc.com,779 Hermina Crossing,5555399868718549
113,Laureen,Johanssen,21,656-690-2962,ljohanssen34@qq.com,42 Novick Hill,5020896684958768
114,Russ,Probbings,29,514-371-8117,rprobbings35@people.com.cn,96 Trailsway Court,670900947700451829
115,Sheryl,Vigar,39,326-240-7732,svigar36@netvibes.com,6 Eagan Terrace,3562152957101960
116,Lara,Ryley,23,936-809-7168,lryley37@purevolume.com,551 Evergreen Hill,3558512711376388
117,Claus,Geraudel,51,651-594-0992,cgeraudel38@prweb.com,140 Tennyson Court,3575221081990948
118,Ingunna,Camelli,25,623-899-1436,icamelli39@nyu.edu,3042 Acker Center,3545667252514692
119,Robinet,Taysbil,29,182-790-2988,rtaysbil3a@utexas.edu,4 Hollow Ridge Drive,3551010547233706
120,Nisse,Kingswood,32,986-343-4083,nkingswood3b@cdbaby.com,6661 Summit Avenue,6333370260480954602
121,Oralla,Bridgman,51,838-691-1932,obridgman3c@admin.ch,43039 Manitowish Circle,201503286955349
122,Rand,Mandeville,48,900-216-3247,rmandeville3d@tinyurl.com,02673 Independence Place,676711666747608953
123,Obed,Ebbitt,21,981-904-2045,oebbitt3e@examiner.com,2600 Debs Court,3585721690931546
124,Barty,O'Keefe,38,513-153-7300,bokeefe3f@zimbio.com,89 Melvin Parkway,3532646905837721
125,Ingrid,Selcraig,40,685-528-0698,iselcraig3g@vimeo.com,346 Hauk Terrace,50382623522210253
126,Lazare,Scones,53,595-875-0429,lscones3h@mac.com,38593 Rusk Lane,3577445291796146
127,Dierdre,Willeson,29,645-564-4307,dwilleson3i@kickstarter.com,16 Bartillon Junction,6333478496446918
128,Fielding,Caley,24,965-493-6420,fcaley3j@hexun.com,974 Becker Court,3585694035747549
129,Josee,Whitlaw,60,491-700-2691,jwhitlaw3k@mapquest.com,42598 Washington Circle,3540527119439241
130,Berky,Mills,40,434-202-7242,bmills3l@merriam-webster.com,6 Claremont Road,3540442172534443
131,Eran,Schulken,55,368-987-1345,eschulken3m@vk.com,06 Calypso Trail,5602246292673662
132,Avril,Ciccottio,45,180-111-7228,aciccottio3n@ucla.edu,329 Hudson Circle,201812874338705
133,Bronnie,Ackred,55,543-718-6127,backred3o@ovh.net,39843 Warner Circle,3528511722754168
134,Kristofor,Olivet,36,577-736-9392,kolivet3p@cisco.com,2 Hooker Parkway,4026227913653508
135,Rolland,Possell,58,919-723-1289,rpossell3q@blogs.com,6267 Kinsman Crossing,4917792566297970
136,Modestia,Gorvin,24,803-981-3945,mgorvin3r@reference.com,99181 Spenser Center,56022394305702741
137,Daffie,Milillo,47,994-804-4627,dmilillo3s@auda.org.au,750 Glendale Pass,3560717899770098
138,Son,Revel,49,227-429-8217,srevel3t@yelp.com,331 Iowa Way,5010128413937372
139,Karly,MacCorley,57,539-954-8815,kmaccorley3u@fda.gov,1 Fisk Street,5610633310569412
140,Alexi,Bagster,60,111-535-0553,abagster3v@wufoo.com,2 Stone Corner Place,3552108319073745
141,Ashien,Bowker,26,738-679-0483,abowker3w@tuttocitta.it,28 Ruskin Plaza,201746301732496
142,Haily,Persent,24,111-453-8313,hpersent3x@cdbaby.com,7856 Marcy Road,5427488018164716
143,Caleb,Elgie,50,964-905-9782,celgie3y@amazon.co.uk,715 Lawn Pass,3555088814566087
144,Joyan,Halsey,32,493-938-1175,jhalsey3z@w3.org,8890 Rieder Way,3532374194585121
145,Niles,Kock,27,688-258-3937,nkock40@soup.io,1 Fremont Point,5602248514201728
146,Amandi,Trewinnard,58,349-118-1432,atrewinnard41@pen.io,6846 Bunker Hill Hill,4041596546150
147,Sonnnie,Nalder,54,560-955-5680,snalder42@tinypic.com,08 Garrison Street,3528850694963427
148,Bay,Asken,28,684-325-3275,basken43@usgs.gov,4 Hayes Drive,3570333171246738
149,Torrie,Gobell,54,585-134-7236,tgobell44@flavors.me,5 Arrowood Way,3552283733965618
150,Kelci,Hobbema,28,779-613-2064,khobbema45@parallels.com,84417 Johnson Drive,5602256933112269
151,Cristina,Winsbury,23,173-328-9241,cwinsbury46@shutterfly.com,488 Esch Avenue,30468925596614
152,Kellia,Brogioni,55,610-864-7242,kbrogioni47@imageshack.us,04886 Hudson Court,348812172016767
153,Myrta,Kinavan,49,872-286-2835,mkinavan48@marketwatch.com,5 Colorado Street,3550256110499734
154,Ky,Downing,23,880-825-1570,kdowning49@cisco.com,5 Melvin Plaza,4903243489358884529
155,Mercedes,Astling,49,532-395-6295,mastling4a@buzzfeed.com,2 Pine View Way,3587829153914467
156,Doralin,Barrack,42,412-559-5326,dbarrack4b@indiegogo.com,60 Menomonie Way,3530910467266352
157,Carol,Vasilmanov,54,908-882-7385,cvasilmanov4c@webs.com,43 Vera Center,3541971745118325
158,Bev,McWilliams,21,471-459-8181,bmcwilliams4d@prnewswire.com,0 Farragut Plaza,3528616798728465
159,Rosalynd,Seavers,29,878-818-1131,rseavers4e@dailymotion.com,77978 Pawling Drive,3530451789422787
160,Jaquith,Pouton,48,732-583-9596,jpouton4f@friendfeed.com,2 Barnett Parkway,3569264558776083
161,Goober,O'Neill,20,572-284-8925,goneill4g@salon.com,381 Ridgeway Junction,4026235421825500
162,Jonie,Casterton,52,758-106-7888,jcasterton4h@earthlink.net,99989 Village Green Pass,30299768597462
163,Fran,Kemish,37,931-720-2060,fkemish4i@hc360.com,2 Sullivan Point,341470813828517
164,Amery,Vaskin,54,675-308-0607,avaskin4j@guardian.co.uk,9686 Esker Hill,3575643033586294
165,Ricard,Sharrard,42,906-936-2861,rsharrard4k@apache.org,43928 Grasskamp Terrace,30362004692875
166,Zitella,Le Barr,27,443-845-0309,zlebarr4l@nba.com,73 Merry Terrace,3586827493525069
167,Tatum,Vahey,36,396-465-4595,tvahey4m@wiley.com,1 Grayhawk Center,3562632283441578
168,Silvio,Perrigo,36,543-523-6027,sperrigo4n@who.int,2914 Swallow Point,3546869834271184
169,Galvin,Smogur,49,862-749-2718,gsmogur4o@ycombinator.com,3997 Lindbergh Way,3564149902425583
170,Patric,Dealtry,20,175-165-2711,pdealtry4p@umn.edu,315 Esker Terrace,5602225852073200579
171,Betta,Hubbuck,29,939-527-2272,bhubbuck4q@networksolutions.com,08106 Summit Terrace,676359787050246863
172,Mack,Treleaven,24,273-837-2878,mtreleaven4r@goo.ne.jp,766 Ridgeway Terrace,4508533107010729
173,Ruby,Britton,27,676-460-1902,rbritton4s@cnn.com,62873 Warrior Point,3531656516536126
174,Allard,Haggata,32,214-961-0709,ahaggata4t@uiuc.edu,2 Mosinee Park,3542001165011641
175,Micheil,Edmunds,48,592-701-2142,medmunds4u@auda.org.au,247 Havey Avenue,3557518299882136
176,Sibeal,Lough,32,854-503-8341,slough4v@sphinn.com,97945 Prairieview Place,3540626054198224
177,Shandy,Lanston,42,376-429-1566,slanston4w@imageshack.us,4 Darwin Terrace,5108750471086124
178,Quinlan,Chimienti,55,344-572-8520,qchimienti4x@ifeng.com,1616 Bashford Place,3539840567352995
179,Haskell,Larchiere,53,422-368-8156,hlarchiere4y@moonfruit.com,43631 Logan Way,3579155139077629
180,Bernette,Josskowitz,33,681-911-7931,bjosskowitz4z@google.fr,5634 Eastwood Point,3545054974593538
181,Elana,Cremin,58,105-176-1531,ecremin50@ameblo.jp,7358 Butternut Place,490330309611007211
182,Jobie,Gorwood,37,921-341-7730,jgorwood51@cornell.edu,503 Ruskin Place,6759024067910729
183,Alastair,Exelby,35,381-978-7030,aexelby52@reference.com,0 Westridge Lane,502038419371331961
184,Laurette,Pye,21,183-323-9606,lpye53@pen.io,698 Macpherson Alley,3553831486816526
185,Rosana,Syddall,44,414-661-3823,rsyddall54@opensource.org,62504 Petterle Circle,374283215659079
186,Alena,Bote,23,584-277-4066,abote55@scribd.com,1332 Burning Wood Street,3548038080025755
187,Angelika,Chattaway,48,143-525-2496,achattaway56@china.com.cn,8 Scofield Avenue,5297625522490437
188,Flinn,Kynder,49,346-306-2983,fkynder57@bloomberg.com,8505 Forest Dale Drive,3565343906691337
189,Gearard,Angrock,42,530-246-6062,gangrock58@epa.gov,14893 Main Court,3544891622123759
190,Babette,Ainscow,42,876-406-2872,bainscow59@opera.com,1 Clyde Gallagher Street,3544145256851007
191,Philly,Arch,28,321-128-4858,parch5a@oracle.com,097 Mockingbird Way,5108751562920510
192,Almeta,Tavner,53,680-649-0286,atavner5b@marriott.com,77 Fisk Drive,3586944524580359
193,Angelo,Ida,27,574-552-3988,aida5c@ebay.com,68829 Sherman Park,0604347748618704
194,Tish,O'Regan,56,500-547-2695,toregan5d@indiatimes.com,507 Mariners Cove Terrace,4508870455213004
195,Kristina,Gowenlock,60,703-472-9105,kgowenlock5e@instagram.com,713 Pepper Wood Street,3571154023260555
196,Adrianne,Gowland,49,628-795-9707,agowland5f@naver.com,7 Roxbury Crossing,30090291204860
197,Robina,Andrag,49,159-252-7288,randrag5g@multiply.com,0026 Larry Point,3556333848140320
198,Caroljean,Pealing,29,450-672-2861,cpealing5h@netlog.com,02869 Clove Alley,3546022015091829
199,Robby,Kennet,43,385-343-8397,rkennet5i@businessinsider.com,8852 Manley Court,0604849545946399787
200,Bram,Millom,52,205-511-7332,bmillom5j@goo.ne.jp,43153 Bellgrove Park,3549052120415982
201,Huntley,Lifton,56,605-878-5202,hlifton5k@upenn.edu,061 Cherokee Circle,6380645770000999
202,Brien,Sussems,58,553-192-9407,bsussems5l@php.net,466 Eggendart Terrace,5602221030386968
203,Ryan,Muino,23,650-182-3845,rmuino5m@mit.edu,2835 Reindahl Crossing,67098126725534411
204,Stoddard,Driffield,57,137-961-6804,sdriffield5n@macromedia.com,522 Hovde Trail,3557976250856202
205,Charlotta,Robillart,41,762-615-1576,crobillart5o@adobe.com,2 Sycamore Parkway,30341921709111
206,Bria,Jarad,29,861-136-2015,bjarad5p@cornell.edu,425 Portage Plaza,3588112278336943
207,Terrill,Gaukroger,24,104-185-9738,tgaukroger5q@technorati.com,2 8th Terrace,3588980098290882
208,Mechelle,Orae,36,270-930-2023,morae5r@reference.com,7 Elmside Lane,3555169063919548
209,Darrelle,Hannay,54,341-451-0823,dhannay5s@forbes.com,3593 Carioca Park,5018231416999134
210,Lucienne,Hawson,36,691-444-7522,lhawson5t@typepad.com,2227 Sutherland Point,374546028260412
211,Burty,Bushill,25,619-471-3634,bbushill5u@bbc.co.uk,7 Coolidge Circle,633110977599033721
212,Belva,McQuade,33,173-288-6492,bmcquade5v@smugmug.com,9 Golf Course Junction,3554046363465011
213,Jermaine,Zorzi,20,628-929-9086,jzorzi5w@merriam-webster.com,3253 Pepper Wood Plaza,3588031116907667
214,Alice,Rosengarten,46,484-334-9295,arosengarten5x@gizmodo.com,2396 Comanche Way,4905389367580318
215,Oralla,Casaccio,59,342-560-9382,ocasaccio5y@surveymonkey.com,71 Fallview Point,3552456114480593
216,Hilda,Fausch,34,917-520-2397,hfausch5z@howstuffworks.com,01 Eastlawn Avenue,6333339223209658
217,Billie,Treswell,40,401-483-5784,btreswell60@google.co.uk,39 Oakridge Junction,3546001938282111
218,Doreen,Spurgin,27,240-655-8928,dspurgin61@sogou.com,9 Dryden Pass,3580788628516488
219,Teresita,Prestland,41,226-204-9794,tprestland62@hhs.gov,03714 Sherman Junction,30524164819511
220,Grant,Laneham,57,101-608-9242,glaneham63@slideshare.net,6857 Red Cloud Plaza,5610038497559022
221,Neille,Sills,46,656-832-0928,nsills64@craigslist.org,76979 Pawling Avenue,3544330925731661
222,Fredericka,Dongate,39,622-524-0344,fdongate65@columbia.edu,2 Orin Alley,3549965396274686
223,Brice,Bangley,56,589-898-7307,bbangley66@prnewswire.com,68 Hanson Alley,3552615293199007
224,Cleon,Marl,52,913-113-5870,cmarl67@infoseek.co.jp,3 Emmet Hill,3554678913832926
225,Herminia,Ferrar,31,425-513-5920,hferrar68@reverbnation.com,9895 Brentwood Avenue,30457851782058
226,Beckie,Chrestien,25,442-588-6309,bchrestien69@psu.edu,6 Thierer Park,3578297685095067
227,Murray,Shucksmith,20,110-109-9817,mshucksmith6a@livejournal.com,83 Grover Crossing,3569453966346346
228,Barbabra,Medhurst,37,697-270-8848,bmedhurst6b@google.com.au,84333 Lindbergh Lane,3542691047167007
229,Brewster,Yakunin,39,112-151-0211,byakunin6c@1688.com,20674 Schurz Way,3561283359032445
230,Dall,Leblanc,59,576-618-4065,dleblanc6d@irs.gov,902 Spaight Way,374288513948660
231,Charlean,Tembey,27,281-865-6724,ctembey6e@earthlink.net,350 Ridgeview Center,6333157518579902
232,Shelton,Chupin,35,903-575-3975,schupin6f@google.ca,242 Ohio Trail,3546072927764930
233,Haily,Matteoni,29,832-911-2969,hmatteoni6g@flickr.com,88580 Fremont Avenue,4041593813290134
234,Godwin,Castanaga,58,232-560-7675,gcastanaga6h@walmart.com,27141 International Drive,347700536572115
235,Donny,Dahlback,22,890-519-9854,ddahlback6i@g.co,78525 1st Avenue,3549002574496418
236,Gwenny,Baccup,58,280-141-8816,gbaccup6j@google.nl,760 Melby Avenue,3585251066081791
237,Shir,Venneur,47,177-415-3613,svenneur6k@goo.ne.jp,4 Ohio Lane,5430777996686459
238,Datha,McMurray,20,259-570-9939,dmcmurray6l@marketwatch.com,7 Erie Lane,3576176530022231
239,Floris,Cuerdall,49,715-511-2332,fcuerdall6m@geocities.jp,60742 Hooker Crossing,4405337224555663
240,Joannes,McCreadie,35,566-838-4084,jmccreadie6n@tinyurl.com,8374 Sunnyside Lane,675985785923618254
241,Jemmy,Mustill,45,432-499-5122,jmustill6o@usda.gov,8 Fordem Court,4913753634002036
242,Jacquelynn,Tremathack,20,413-944-2289,jtremathack6p@zdnet.com,7 Rutledge Circle,5602242999615361
243,Launce,Longley,32,747-812-8861,llongley6q@sbwire.com,73071 Green Ridge Park,6767218902725751
244,Codi,Kalinowsky,42,143-755-6271,ckalinowsky6r@livejournal.com,0848 Sundown Center,344764812762900
245,Maurise,Caldairou,32,926-255-3817,mcaldairou6s@vk.com,6258 American Terrace,3577728244635010
246,Shirline,Bambridge,43,875-149-7375,sbambridge6t@ibm.com,86 Golf Course Avenue,374974864166347
247,Wini,Sawdon,28,983-232-8446,wsawdon6u@xrea.com,8 Twin Pines Crossing,6763485242275813
248,Bernelle,Bart,42,392-595-2484,bbart6v@w3.org,976 Coolidge Court,3556691407175056
249,Laureen,Tiernan,25,356-659-8694,ltiernan6w@latimes.com,30953 Fordem Junction,30131603854404
250,Jenine,Furmonger,38,202-806-1862,jfurmonger6x@accuweather.com,23 Roth Crossing,5100131867519598
251,Tait,Longworth,22,892-660-5405,tlongworth6y@mail.ru,738 Waxwing Way,5554445943819843
252,Lionello,Burgen,60,907-617-2933,lburgen6z@jalbum.net,76434 Macpherson Street,6334183888965470
253,Mame,Bernadon,49,724-848-5316,mbernadon70@berkeley.edu,766 Cordelia Way,5472654829536863
254,Constancy,Hinckes,39,702-649-2286,chinckes71@imageshack.us,99 Huxley Plaza,490323133232605610
255,Dolli,Casement,44,717-791-8135,dcasement72@nhs.uk,1 Vermont Crossing,3558887821216082
256,Elnar,Kubista,54,260-807-6478,ekubista73@yahoo.co.jp,47144 Stone Corner Way,3583167942051653
257,Quill,Clemens,59,212-841-4640,qclemens74@moonfruit.com,2 Elka Point,3573459843996397
258,Windy,Lackeye,44,311-838-3628,wlackeye75@netscape.com,1102 Walton Plaza,6767234164468030
259,Boyce,Dyet,41,495-771-4507,bdyet76@scientificamerican.com,27 Arapahoe Court,3580781244895295
260,Ezechiel,Varlow,38,165-629-7823,evarlow77@w3.org,569 8th Pass,5602218982262908
261,Muire,Doggrell,45,523-578-8142,mdoggrell78@nationalgeographic.com,5099 Fairfield Circle,3573572929246642
262,Tabbitha,Kelner,59,452-983-7397,tkelner79@japanpost.jp,455 Sutherland Way,0604736616827423
263,Karlik,Byass,44,714-714-0963,kbyass7a@mtv.com,04537 Muir Alley,5161922951759520
264,Mollee,Duffin,33,399-703-3051,mduffin7b@comcast.net,57 Nova Alley,3542299934485712
265,Pearle,Kaming,38,726-230-9612,pkaming7c@howstuffworks.com,97 Nevada Court,30002967394214
266,Lilian,Randle,29,479-789-2718,lrandle7d@csmonitor.com,2 Delaware Place,3585712138196941
267,Hollie,Hand,49,208-856-5920,hhand7e@microsoft.com,26 Pleasure Crossing,3558674840589701
268,Tyrone,Isham,39,332-936-0276,tisham7f@issuu.com,89543 Buhler Park,560223577592859384
269,Orson,Rilton,51,881-370-9206,orilton7g@china.com.cn,56257 Waxwing Crossing,63045844891370781
270,Carmelita,McGeraghty,41,323-778-5078,cmcgeraghty7h@google.co.jp,7 Brown Court,6334341645667025
271,Kristy,Blanket,41,623-904-4154,kblanket7i@ehow.com,49 Sunfield Junction,3544989694448425
272,Gretchen,Grcic,28,807-231-1532,ggrcic7j@archive.org,6 Esker Alley,30562776462981
273,Gaye,Stearndale,38,554-912-1803,gstearndale7k@stumbleupon.com,984 Katie Road,3580954287683221
274,Stavro,Gobeaux,36,157-171-4390,sgobeaux7l@t-online.de,006 Clove Crossing,5602252501886673
275,Kaspar,Venables,23,171-702-0094,kvenables7m@sogou.com,6547 Acker Avenue,3580774008988224
276,Pia,Willets,47,687-717-5752,pwillets7n@toplist.cz,08 Declaration Terrace,6771404402476921
277,Dedra,Flucker,35,806-367-7501,dflucker7o@mit.edu,99499 Blackbird Avenue,3531859457265446
278,Trixie,Wooler,44,544-997-5933,twooler7p@ucoz.com,10 Washington Park,3588735251918988
279,Conney,Ondrak,42,541-674-5536,condrak7q@nbcnews.com,96 Tony Terrace,3576441772299412
280,Tiler,Crilley,43,364-605-7210,tcrilley7r@umich.edu,16444 Morningstar Hill,345299771051549
281,Kendal,Worsom,38,329-407-1129,kworsom7s@marriott.com,8 Nancy Plaza,3535806995478490
282,Ermengarde,Sanches,51,703-934-8047,esanches7t@goo.ne.jp,14 Kipling Road,3582439827120593
283,Zitella,Archbold,54,580-904-9438,zarchbold7u@slate.com,38 Meadow Vale Terrace,676109408739700807
284,Nikola,Tingley,58,304-732-5115,ntingley7v@fema.gov,62927 Blaine Way,4175009372132995
285,Lindsy,Chilvers,57,352-389-2827,lchilvers7w@163.com,6354 Dunning Lane,3539332416958545
286,Janka,Megarrell,33,776-359-4757,jmegarrell7x@artisteer.com,96711 Crescent Oaks Hill,6331107571171855542
287,Talyah,Reddings,60,169-131-9100,treddings7y@amazon.co.uk,3 Hanover Place,5893306829146574336
288,Krishna,Bassingham,48,719-929-6123,kbassingham7z@facebook.com,8 Killdeer Point,201699672048770
289,Rhona,Gatch,42,212-271-6670,rgatch80@latimes.com,82 East Court,3563939392553022
290,Corney,Tribbeck,30,704-670-9789,ctribbeck81@addtoany.com,2 Mesta Junction,3570899321146762
291,Suzette,Rooper,51,282-479-0128,srooper82@msn.com,79 Birchwood Lane,30420629901087
292,Giovanni,Danilowicz,21,507-613-6231,gdanilowicz83@live.com,50 Annamark Terrace,3587837945684603
293,Eadmund,Butler-Bowdon,50,259-688-4713,ebutlerbowdon84@nationalgeographic.com,44 Warner Center,30597923664295
294,Morena,Airy,29,607-173-5012,mairy85@telegraph.co.uk,25092 3rd Avenue,3570362328791601
295,Lanae,Syddon,34,281-486-8113,lsyddon86@ucsd.edu,34 Magdeline Alley,374288788417409
296,Warde,Kelby,33,454-703-8103,wkelby87@guardian.co.uk,84 Dakota Hill,377227685354114
297,Almire,Ongin,54,744-490-1865,aongin88@pcworld.com,851 Melody Junction,3549622256059844
298,Kai,Kielty,42,891-352-6204,kkielty89@msn.com,8 Briar Crest Avenue,5100145273555798
299,Mamie,Bradnam,29,615-305-3929,mbradnam8a@illinois.edu,666 South Pass,372301408119578
300,Vikky,Timewell,30,790-327-6687,vtimewell8b@examiner.com,425 Helena Way,3567461622548082
301,Cherin,Walby,37,677-920-7109,cwalby8c@list-manage.com,3 Gale Crossing,3538188902087418
302,Sukey,Samsin,38,304-716-0080,ssamsin8d@yellowbook.com,7341 Golf Course Place,3575168741742625
303,Ethyl,Bargery,45,995-801-6065,ebargery8e@who.int,7755 Washington Lane,5007662981332314
304,Chere,Batalle,41,829-486-5942,cbatalle8f@hhs.gov,8880 Annamark Crossing,201705626491766
305,Rocky,Soars,43,789-409-6168,rsoars8g@apple.com,5987 Tennessee Pass,060430013511306448
306,Meade,Tampen,52,873-196-6881,mtampen8h@mapy.cz,4772 Schmedeman Street,4041377340844153
307,Rochelle,Drinkall,39,852-970-0895,rdrinkall8i@thetimes.co.uk,9 Pennsylvania Pass,3537026233858324
308,Aleece,Warricker,22,712-509-0403,awarricker8j@blog.com,347 Scoville Drive,3566005420502428
309,Meridith,Pancoast,41,390-892-3991,mpancoast8k@nhs.uk,6 Corry Trail,3564847673506958
310,Stearn,Estick,56,734-745-6144,sestick8l@google.nl,35213 Anthes Crossing,6396197174118748
311,Zarah,Marsie,27,334-912-1743,zmarsie8m@jimdo.com,483 Badeau Street,201553957557593
312,Cacilie,Hachette,21,132-770-3903,chachette8n@mozilla.com,36 Lillian Pass,4936997414607644530
313,Dot,Spratling,32,681-541-7710,dspratling8o@w3.org,30 Butternut Plaza,6763749180963750040
314,Zebadiah,Feehery,34,139-894-9730,zfeehery8p@google.de,6 Johnson Parkway,3547555793681039
315,Nan,Bere,54,878-578-8741,nbere8q@people.com.cn,45759 Holy Cross Avenue,30230782098278
316,Michaelina,Pagon,41,397-814-5878,mpagon8r@rakuten.co.jp,221 Michigan Drive,3545449667538354
317,Randie,Elms,48,745-276-2091,relms8s@sphinn.com,136 Corry Trail,3571373563809072
318,Idette,Wrigley,29,445-548-4797,iwrigley8t@nbcnews.com,45 Petterle Avenue,3558056365209800
319,Kim,Caldes,46,943-939-0416,kcaldes8u@cbslocal.com,5 American Ash Pass,3567897053357271
320,Elli,Pantecost,53,646-423-4248,epantecost8v@ehow.com,30742 Longview Crossing,3536778596111789
321,Caterina,Wingeatt,57,181-646-5998,cwingeatt8w@nhs.uk,1275 Meadow Valley Alley,3571938728798194
322,Everett,Tippett,52,126-562-2907,etippett8x@mysql.com,9618 Mesta Avenue,5602254918916689
323,Daphna,Rockell,26,440-724-1577,drockell8y@reuters.com,5059 Barnett Trail,5190906056202051
324,Teddy,Huller,31,472-905-0654,thuller8z@cisco.com,491 Schiller Place,676140343423247420
325,Herve,Westhofer,35,308-412-2693,hwesthofer90@mozilla.org,9 Daystar Center,3543861233613895
326,Paten,Llewellin,50,269-440-8353,pllewellin91@ucoz.ru,63 Bashford Junction,3570997179626032
327,Simonne,Worral,31,925-178-3436,sworral92@imdb.com,74 School Street,3537594401883812
328,Sutton,Larham,26,537-253-9375,slarham93@wunderground.com,3284 Lake View Way,370997670124428
329,Juliette,Vaneev,31,813-219-6094,jvaneev94@macromedia.com,07 Bay Lane,3578669645252600
330,Tootsie,Mannion,30,780-597-0686,tmannion95@pbs.org,1 Westport Crossing,374622784990151
331,Evita,Rathjen,52,548-351-7294,erathjen96@cnbc.com,895 Hauk Point,3554702059177480
332,Ad,Merioth,26,613-776-1876,amerioth97@yale.edu,40779 Hauk Circle,201831471929336
333,Hayley,Beauchop,37,303-599-9235,hbeauchop98@ovh.net,0366 Caliangt Lane,3534276224934062
334,Madonna,Wickerson,26,898-343-7287,mwickerson99@un.org,523 Tony Way,3574640898579605
335,Millisent,Worcester,37,412-976-6552,mworcester9a@weather.com,60548 Lakewood Road,675974308313566356
336,Katerine,Sudy,23,135-711-2330,ksudy9b@facebook.com,29589 Namekagon Trail,3583719126521693
337,Lissa,Langsdon,30,373-100-9852,llangsdon9c@dagondesign.com,20 John Wall Junction,3562773359031396
338,Charlean,Harriss,45,769-810-1394,charriss9d@issuu.com,45893 Summerview Junction,5330676456828059
339,Lucho,Adamovicz,54,871-506-4738,ladamovicz9e@bbb.org,9264 Summerview Circle,6767492471111590
340,Nanci,Zorzini,51,244-501-6680,nzorzini9f@twitpic.com,528 Dexter Street,201493996647347
341,Wendel,O'Daly,37,653-880-7148,wodaly9g@usa.gov,9519 Gateway Pass,3533600074734135
342,Buckie,Murphey,44,871-856-5382,bmurphey9h@soup.io,750 Hanson Terrace,5010129654558471
343,Arly,Genney,49,494-632-0938,agenney9i@economist.com,67 Knutson Lane,3530397467472588
344,Augustus,Lissimore,36,108-443-2284,alissimore9j@deviantart.com,05418 Westend Terrace,675997612808505131
345,Eulalie,Kay,28,925-703-6824,ekay9k@arizona.edu,7 John Wall Plaza,3546332015429386
346,Oates,Sprosson,45,185-475-7159,osprosson9l@ibm.com,22163 East Way,3563186962641031
347,Roselle,Gready,36,875-103-0488,rgready9m@deliciousdays.com,48 Marcy Street,6394245410391082
348,Marj,Chapling,56,408-252-4302,mchapling9n@privacy.gov.au,2428 Autumn Leaf Circle,5602242555399475
349,Yetta,MacFarland,41,558-690-3585,ymacfarland9o@soundcloud.com,275 North Park,30543644293899
350,Steward,Audrey,51,288-104-4966,saudrey9p@fema.gov,64879 Dovetail Drive,5108751468554900
351,Roanna,Bertelmot,57,114-982-9402,rbertelmot9q@purevolume.com,59 Shopko Way,3576635955594958
352,Nonie,Peiser,43,682-657-1797,npeiser9r@java.com,52134 Buhler Crossing,5481402972699685
353,Trista,Faireclough,46,686-645-4749,tfaireclough9s@google.nl,481 Bluestem Pass,3530884535209373
354,Marget,Belison,38,734-111-9693,mbelison9t@addthis.com,5844 Waubesa Circle,3532896776342778
355,Selina,Grinter,33,994-425-8180,sgrinter9u@aboutads.info,64 Talmadge Parkway,36323875929071
356,Anne-marie,Salzberger,27,525-245-5041,asalzberger9v@virginia.edu,85850 Clemons Lane,3581967234199991
357,Linet,Gritten,26,657-958-6863,lgritten9w@boston.com,187 Cambridge Plaza,4913500339295849
358,Reynolds,Kervin,60,837-141-1881,rkervin9x@dagondesign.com,73 Westridge Crossing,3579078026448218
359,Aimee,Bradlaugh,53,312-327-3608,abradlaugh9y@twitter.com,84449 Carioca Trail,3574132748192771
360,Jess,Marunchak,51,197-785-4069,jmarunchak9z@utexas.edu,2422 Gulseth Center,5602236696516302
361,Tann,Andrei,20,381-485-7505,tandreia0@fotki.com,95470 Granby Terrace,675943045274066087
362,Jacynth,Desmond,56,120-632-5579,jdesmonda1@aol.com,913 Hoard Terrace,3560809395381650
363,Padraic,Haimes,20,640-746-3040,phaimesa2@adobe.com,95952 Nancy Parkway,5365683933523467
364,Anabella,Ginley,47,154-992-3353,aginleya3@globo.com,83 Pierstorff Street,67593974635973652
365,Rodrick,Weightman,60,404-568-5531,rweightmana4@qq.com,510 Sage Junction,5602235466686360
366,Emlyn,Pawlyn,27,809-696-4460,epawlyna5@xing.com,33 Cody Junction,3541003028593543
367,Lena,Bimson,31,245-764-5594,lbimsona6@networksolutions.com,7 Warbler Lane,3554538190872302
368,Timofei,Dunster,39,657-332-5214,tdunstera7@digg.com,5695 Hovde Center,564182337637990921
369,Caryn,McWhorter,48,244-350-9226,cmcwhortera8@java.com,6861 Becker Plaza,5602241061958041914
370,Caria,Salomon,20,796-776-6775,csalomona9@dion.ne.jp,985 Green Ridge Crossing,5602232241789197
371,Nollie,Swainston,36,681-243-0097,nswainstonaa@tripod.com,8721 Old Gate Avenue,201444802640802
372,Allayne,O'Gleasane,25,567-995-3907,aogleasaneab@biglobe.ne.jp,354 Petterle Hill,5602259468583770958
373,Chuck,Gerring,32,556-797-1478,cgerringac@blogtalkradio.com,43 Knutson Trail,3553014688541362
374,Annnora,Comer,39,102-437-6321,acomerad@yandex.ru,141 Sage Way,3575914268618585
375,Rustie,Espley,44,865-787-2335,respleyae@opera.com,3273 Maple Wood Lane,30291807262356
376,Hillie,Metson,29,905-176-5198,hmetsonaf@walmart.com,48738 Holmberg Crossing,5018347516820566259
377,Dominic,Halshaw,51,393-689-7827,dhalshawag@whitehouse.gov,66 Becker Point,345970804453510
378,Gerhardt,Cohrs,22,618-697-4996,gcohrsah@senate.gov,1 Fair Oaks Avenue,337941591873681
379,Mill,Hehl,60,660-557-7091,mhehlai@baidu.com,955 Orin Circle,3550845940005701
380,Ailyn,Rhule,25,235-340-4109,arhuleaj@phoca.cz,03883 Esch Way,5007664812875172
381,Perrine,Drysdall,56,767-654-3908,pdrysdallak@va.gov,08024 Mallory Trail,3552934785060837
382,Noam,Stafford,27,702-549-3752,nstaffordal@webs.com,87969 Loeprich Hill,5100146504512962
383,Huntington,Saing,24,349-258-3754,hsaingam@posterous.com,00398 Red Cloud Plaza,6334624748749141
384,Pryce,Elliott,41,694-720-7829,pelliottan@blogtalkradio.com,1465 Cherokee Plaza,4936965140161584
385,Dorie,Isakson,30,861-522-3196,disaksonao@yandex.ru,2715 Fuller Court,30103605044367
386,Lyon,Harniman,20,730-111-5122,lharnimanap@tamu.edu,612 Luster Avenue,6771280447734756731
387,Sauncho,Antoniak,49,707-156-6718,santoniakaq@comcast.net,080 Waxwing Street,3532156425119378
388,Devy,Kirtland,39,568-351-1189,dkirtlandar@woothemes.com,86 Trailsway Center,3545889143426353
389,Gayla,Loftus,35,887-779-0752,gloftusas@vk.com,9677 Lyons Trail,201995834593830
390,Melisenda,Suttle,22,537-992-8646,msuttleat@example.com,2 Roxbury Road,5602212353827316
391,Ash,Rickard,54,160-679-6852,arickardau@dmoz.org,12 Sachtjen Park,3564338854202302
392,Kirsti,Labrom,42,427-243-8400,klabromav@japanpost.jp,54186 Melody Trail,3570195618656542
393,Jeanna,Rennie,44,916-461-6713,jrennieaw@house.gov,3391 Pine View Circle,3589385921816748
394,Dionne,Raspel,56,243-460-2941,draspelax@aboutads.info,98 Moland Center,5602215606846512
395,Roshelle,Cordell,32,239-269-3802,rcordellay@deviantart.com,4000 Mitchell Parkway,3582850638017705
396,Gradeigh,Kimmerling,56,456-883-1294,gkimmerlingaz@e-recht24.de,331 Spohn Avenue,50202795231397197
397,Esteban,Childerley,39,831-295-2645,echilderleyb0@yellowbook.com,9 Union Place,502024942120472717
398,Teodora,Velez,32,997-644-6932,tvelezb1@123-reg.co.uk,9 Sachtjen Park,5002354493892978
399,Annabell,Dacca,33,500-256-6875,adaccab2@google.es,7 Melvin Road,3529313497391469
400,Adam,Rubi,22,642-387-3945,arubib3@posterous.com,2534 Melby Alley,6771960007145328210
401,Ryan,Andrioli,37,565-237-4740,randriolib4@upenn.edu,78674 Jenifer Parkway,5602249640775031
402,Theodore,Addams,43,936-756-9156,taddamsb5@xing.com,55 Ohio Street,3572564837700431
403,Dov,Gosling,55,455-562-1219,dgoslingb6@pcworld.com,95 Rowland Way,4405928502370112
404,Guthry,McAllister,52,716-267-8593,gmcallisterb7@ocn.ne.jp,18172 Delladonna Terrace,373856988222414
405,Tawsha,Tuite,46,780-572-5143,ttuiteb8@europa.eu,0 John Wall Parkway,201574189154595
406,Tamra,Heaney`,40,460-740-7779,theaneyb9@senate.gov,82 Brown Way,337941818867458
407,Ethelbert,Wroth,44,930-450-0240,ewrothba@google.ca,004 Sachs Pass,30566004258616
408,Koren,Medlar,41,782-338-3238,kmedlarbb@artisteer.com,87 Bonner Circle,4405366057009472
409,Cicily,Pauletti,36,897-738-2321,cpaulettibc@histats.com,82343 Birchwood Drive,4913634363324421
410,Rosaleen,Coyle,54,208-288-8617,rcoylebd@usatoday.com,3 Kinsman Parkway,67719880543744755
411,Kenn,Kinglake,54,281-577-8663,kkinglakebe@arizona.edu,42 Sage Court,67097513139387059
412,Verla,Cargenven,28,406-466-7046,vcargenvenbf@bloomberg.com,584 Susan Trail,201840713339725
413,Ailbert,Aymer,36,886-378-8730,aaymerbg@angelfire.com,8962 Arapahoe Alley,3539349955297192
414,Adah,Gooders,59,502-891-9888,agoodersbh@java.com,2 Iowa Street,5602234684978657168
415,Nike,Huntress,29,917-987-5475,nhuntressbi@japanpost.jp,8 Old Gate Lane,201471100819432
416,Isabel,Eschelle,52,682-846-5104,ieschellebj@meetup.com,5 Anzinger Park,201584305163586
417,Lavina,Yorath,46,825-423-5678,lyorathbk@nyu.edu,1 Stang Junction,201999279185987
418,Morgan,Marre,50,665-139-2909,mmarrebl@wix.com,05117 Lighthouse Bay Junction,3566707355527144
419,Clem,Warren,50,590-107-7829,cwarrenbm@friendfeed.com,60436 Myrtle Lane,3539567578118962
420,Merrel,Archard,24,933-683-5249,marchardbn@ning.com,5 Waubesa Point,30554794339259
421,Herby,Pichmann,30,892-616-2636,hpichmannbo@issuu.com,4 Briar Crest Junction,3545075882089327
422,Cherida,Kail,22,720-218-8251,ckailbp@blogtalkradio.com,337 Havey Parkway,3574605477469197
423,Margot,Tewes,40,130-427-5392,mtewesbq@usgs.gov,01367 Debs Center,3539391146755936
424,Patten,Rennebach,60,384-716-1620,prennebachbr@ucla.edu,1 Pepper Wood Crossing,348437434225541
425,Chic,Shirlaw,57,244-880-3782,cshirlawbs@printfriendly.com,00 Village Pass,374288370639659
426,Meggy,Junkin,35,443-447-1778,mjunkinbt@biblegateway.com,824 Farwell Point,67617577548137711
427,Jackqueline,Siemon,35,584-953-5700,jsiemonbu@reference.com,79131 Melvin Road,3529032867310269
428,Fania,Casina,43,174-742-4441,fcasinabv@nymag.com,052 Fisk Hill,5007663129896897
429,Miran,Biford,29,390-859-3270,mbifordbw@usnews.com,2 Gina Hill,3581102546962619
430,Brandyn,Meritt,21,262-956-5734,bmerittbx@fema.gov,4 Chinook Junction,5578669403609988
431,Madelin,Slyme,20,456-840-2214,mslymeby@youtube.com,894 Mandrake Alley,3543146565046967
432,Arvie,Semple,20,244-320-5189,asemplebz@barnesandnoble.com,62 Hazelcrest Center,5610860198965293
433,Nicolas,Ormesher,49,609-623-0051,normesherc0@weather.com,19486 Village Place,5602253584574939
434,Kinsley,Scard,21,621-362-4617,kscardc1@harvard.edu,8 Dottie Circle,3574782801252977
435,Vale,Gaule,46,240-702-9891,vgaulec2@toplist.cz,510 Prairieview Street,5282547847315817
436,Rose,Calverley,36,736-279-6194,rcalverleyc3@mapquest.com,48006 Nobel Circle,3546078547132226
437,Guenevere,Lisimore,40,449-803-6065,glisimorec4@umn.edu,13 Petterle Way,201804762465179
438,Corette,Betke,44,358-207-4930,cbetkec5@jalbum.net,7 Anthes Point,30588286920515
439,Napoleon,Rollason,21,630-561-6581,nrollasonc6@indiatimes.com,38731 Pawling Alley,378028534904482
440,Kimble,Powdrell,39,438-921-4574,kpowdrellc7@guardian.co.uk,1 Springview Parkway,201597142829904
441,Myrtia,Diss,29,271-598-8949,mdissc8@amazon.com,63 Florence Road,3561272334082484
442,Deanna,Ivashechkin,53,108-281-4506,divashechkinc9@ehow.com,4350 Graedel Park,3547998685160581
443,Arlena,Elliss,48,432-224-2405,aellissca@google.com.hk,02669 Corry Parkway,4917058302113404
444,Addie,Doucette,59,675-727-2023,adoucettecb@hugedomains.com,75826 Shoshone Lane,4508180279861545
445,Maressa,Chadbourne,45,214-446-3417,mchadbournecc@github.com,1 Evergreen Point,3579882450688896
446,Valentina,Corson,28,966-833-3761,vcorsoncd@amazon.de,2 Eliot Way,3536122838448164
447,Magnum,Agget,50,741-492-5768,maggetce@japanpost.jp,72755 Nobel Pass,3574059181591427
448,Jerrilee,Ceely,46,124-482-5374,jceelycf@google.it,06579 Morningstar Parkway,491143789343505415
449,Hildagarde,Champain,39,480-386-8780,hchampaincg@cnn.com,405 Anderson Drive,343222734146612
450,Archibold,Sigart,43,246-509-6484,asigartch@mashable.com,14 Sunnyside Lane,5048379847578359
451,Aubine,Defries,32,560-556-7250,adefriesci@washingtonpost.com,1646 Gale Place,56022364308400643
452,North,Poundsford,56,262-525-3695,npoundsfordcj@goodreads.com,02074 Pawling Way,67630919843165216
453,Elston,Gabbidon,41,713-859-9341,egabbidonck@altervista.org,38 Barnett Parkway,3566439309285880
454,Glenn,Bergstrand,58,354-623-9170,gbergstrandcl@washingtonpost.com,9 8th Parkway,3540001134063089
455,Gil,Medendorp,31,753-835-5538,gmedendorpcm@cbsnews.com,9321 Loftsgordon Road,5002350493308148
456,Kele,Rops,53,809-563-8386,kropscn@blogger.com,1409 Farmco Drive,201767856513420
457,Fayina,Adamowitz,25,193-699-1872,fadamowitzco@hexun.com,3 Sutteridge Circle,3541085347454333
458,Fran,Cochern,20,409-960-8071,fcocherncp@wikispaces.com,2 Twin Pines Court,201491892309921
459,Karlene,Lorens,50,160-756-6292,klorenscq@cnbc.com,9 Kim Parkway,30554889210217
460,Kym,Mearns,29,849-464-0656,kmearnscr@1688.com,8488 Macpherson Plaza,4936004151300507165
461,Rafael,Hartness,43,644-813-9149,rhartnesscs@bluehost.com,793 Dunning Park,201456911720721
462,Monica,Goby,31,967-246-0018,mgobyct@skyrock.com,422 Brown Alley,3542404128769497
463,Adore,Rowcastle,26,557-377-2651,arowcastlecu@de.vu,27245 Walton Street,3588645665775199
464,Byrle,Rangell,29,710-630-0532,brangellcv@sina.com.cn,00584 Oxford Drive,5007668502504471
465,Agosto,Budding,33,457-522-0569,abuddingcw@tripod.com,98496 Granby Avenue,5100178647381385
466,Gerald,Stittle,53,927-636-0782,gstittlecx@e-recht24.de,1 Norway Maple Way,3588715733878273
467,Betteanne,Arne,23,853-867-7861,barnecy@accuweather.com,6369 Crowley Place,5100139125758247
468,Louisa,MacClure,26,259-857-3210,lmacclurecz@tinyurl.com,4 Becker Road,6382525304385546
469,Merrel,Drinkale,53,606-920-9865,mdrinkaled0@ox.ac.uk,465 Erie Hill,3541533456418391
470,Cart,Wheatman,39,671-120-3866,cwheatmand1@wiley.com,96 Summerview Center,0604403888387087
471,Cayla,Loudon,33,209-983-5963,cloudond2@oracle.com,2971 Maple Wood Park,201956595381054
472,Grenville,Annis,50,221-861-4807,gannisd3@loc.gov,87 Daystar Court,3566168875857505
473,Karlene,Mazonowicz,33,540-341-1810,kmazonowiczd4@netvibes.com,8792 Maryland Crossing,201709181729891
474,Brunhilda,Wiffen,21,468-799-8962,bwiffend5@ycombinator.com,051 Paget Alley,3548765500164992
475,Umeko,Raveau,38,962-860-5599,uraveaud6@ucoz.ru,4963 Gateway Avenue,3586905887798128
476,Tracey,Woakes,37,907-962-8032,twoakesd7@unc.edu,88 Russell Drive,3568509100438041
477,Roxine,Aiers,24,254-550-1159,raiersd8@hp.com,8 Burning Wood Point,5517184494586537
478,Dunstan,Waeland,29,960-879-0464,dwaelandd9@msn.com,68246 Barby Alley,5602219226971841
479,Kerstin,Scrogges,30,931-555-8917,kscroggesda@dagondesign.com,34 Buena Vista Hill,3579654402339567
480,Eudora,Assur,39,296-581-6727,eassurdb@scribd.com,229 Morning Terrace,4913429853110038
481,Meredith,Hinrichsen,56,856-209-8213,mhinrichsendc@nature.com,21 Randy Park,3547896475877416
482,Jere,Imore,52,545-701-7419,jimoredd@uiuc.edu,9 Fieldstone Lane,5038994373452496775
483,Cora,Abate,34,650-841-2749,cabatede@bravesites.com,0 Quincy Road,589379985366396619
484,Salvidor,Ramirez,57,971-942-5785,sramirezdf@tumblr.com,22996 Saint Paul Circle,3538492521208896
485,Quentin,Leworthy,38,149-332-3658,qleworthydg@wikimedia.org,1656 Hudson Junction,3545827175264961
486,Der,Ivasyushkin,33,842-294-6221,divasyushkindh@csmonitor.com,91473 Luster Center,3528984205427851
487,Gabi,Bakster,53,935-787-0741,gbaksterdi@digg.com,1 Red Cloud Crossing,5602251954820791
488,Brigg,Cescot,41,582-169-7440,bcescotdj@bloglines.com,362 Northland Street,6398225251933636
489,Irita,Czadla,60,399-138-9597,iczadladk@lycos.com,0811 Dryden Court,56022535250517381
490,Karalee,Cholomin,29,175-864-4859,kcholomindl@fotki.com,3656 Dorton Road,5018957575622733
491,Daniela,Bache,24,374-334-8199,dbachedm@4shared.com,7 Riverside Plaza,30262975756677
492,Casie,Brydson,48,831-699-8433,cbrydsondn@shop-pro.jp,2423 Merchant Circle,0604620429694454349
493,August,Menco,41,115-363-8968,amencodo@apple.com,61 Scofield Road,4917567861430256
494,Mireille,Monsey,30,405-207-6657,mmonseydp@toplist.cz,638 Duke Hill,5406066932890841
495,Delmore,Dietz,57,540-842-4093,ddietzdq@redcross.org,410 Moland Trail,3559945915124940
496,Doria,Bertl,38,632-687-7354,dbertldr@globo.com,537 Gulseth Point,3531681812571007
497,Roma,Eldon,27,295-868-5593,reldonds@topsy.com,3 Fieldstone Plaza,372301225688284
498,Nessy,Pittendreigh,33,482-407-9691,npittendreighdt@huffingtonpost.com,9 Dunning Lane,201717399713938
499,Rasia,Astling,30,799-529-1106,rastlingdu@booking.com,619 Carioca Court,3572317578537458
500,Helen,Aitchinson,55,923-409-1445,haitchinsondv@pcworld.com,9 Fremont Trail,4041379370596
501,Jamie,Gouldsmith,60,962-856-6044,jgouldsmithdw@cafepress.com,17728 Homewood Trail,3582320087645695
502,Jada,Kayser,32,304-172-7729,jkayserdx@technorati.com,753 Shelley Parkway,3579465785949355
503,Lorne,Elix,46,779-791-8162,lelixdy@tripod.com,28712 Morning Junction,3557825899150073
504,Emmalynn,Humphris,39,372-830-9294,ehumphrisdz@baidu.com,1237 Coolidge Park,5007662284660205
505,Bethina,Cullerne,32,375-349-2260,bcullernee0@independent.co.uk,7 Roth Drive,3541792004933034
506,Lisette,Giller,29,892-415-7225,lgillere1@bing.com,997 John Wall Avenue,633383211010856126
507,Laughton,Blenkin,52,762-645-9495,lblenkine2@booking.com,3974 Pond Crossing,4017958211369
508,Minnaminnie,Klisch,37,284-499-9663,mklische3@chicagotribune.com,49 Ridge Oak Circle,5602243365515183228
509,Cosme,Overstreet,58,787-731-6338,coverstreete4@boston.com,9680 Commercial Crossing,374622053380894
510,Amerigo,Scholler,21,547-141-7118,aschollere5@deliciousdays.com,068 Vidon Street,4911617989654558181
511,Terence,Darwin,47,483-230-6454,tdarwine6@washington.edu,1 Division Hill,3569394063750776
512,Deidre,Coste,57,517-451-0187,dcostee7@weibo.com,4618 Main Court,201471811692375
513,Gasper,Klampt,20,454-514-4907,gklampte8@geocities.com,379 Aberg Trail,372301460618376
514,Zilvia,Midden,30,225-515-5926,zmiddene9@example.com,448 Heath Place,6767603144804652985
515,Cristian,Chern,59,338-736-1417,cchernea@barnesandnoble.com,00738 Magdeline Way,4405991411525804
516,Jenna,Surfleet,35,932-599-8392,jsurfleeteb@gov.uk,4526 Pond Way,5602245457021501
517,Chrystal,Gullivan,32,804-249-6960,cgullivanec@mapquest.com,12 Garrison Terrace,374288862477204
518,Carmelina,Scholtis,55,740-232-4127,cscholtised@sohu.com,738 Buena Vista Point,5100146439993816
519,Glory,Pfaffel,57,779-417-1874,gpfaffelee@sitemeter.com,7111 Rockefeller Street,3580914773798123
520,Cortney,Whaley,50,315-713-6807,cwhaleyef@last.fm,411 Nobel Street,3578057900592219
521,Lucretia,Gueny,28,579-939-6643,lguenyeg@wufoo.com,23 Anniversary Junction,4405834378541614
522,Celesta,Kinchley,52,400-642-0422,ckinchleyeh@freewebs.com,58 Lawn Lane,5602230912242819
523,Bibi,Horsewood,44,758-843-2595,bhorsewoodei@oakley.com,8 Oak Alley,4026872603090360
524,De,Croft,57,719-647-6216,dcroftej@prlog.org,338 Dwight Street,372301852194101
525,Ianthe,Rispen,42,418-459-2908,irispenek@indiatimes.com,249 Comanche Lane,3531611019109327
526,Kalinda,Elie,49,371-894-1350,kelieel@t-online.de,79 Gateway Parkway,3562952020820102
527,Barri,Gors,42,514-531-4679,bgorsem@blogtalkradio.com,9035 Anniversary Trail,30288014240084
528,Verine,Killingbeck,55,603-579-2888,vkillingbecken@myspace.com,2078 Tennessee Hill,676394434890367115
529,Christina,Gemelli,23,937-370-8778,cgemellieo@cargocollective.com,6600 1st Parkway,5602222536971188
530,Alessandro,Bunyard,25,968-264-7156,abunyardep@creativecommons.org,30353 Cody Park,201644000857708
531,Shannan,Braybrook,57,804-797-6828,sbraybrookeq@miitbeian.gov.cn,02 Fair Oaks Lane,4041599718731
532,Carlyle,Aurelius,38,722-402-4772,caureliuser@amazon.co.jp,343 Bonner Crossing,5018354611319887090
533,Barn,Twigger,28,417-822-9110,btwiggeres@constantcontact.com,9200 Orin Court,67636706074759252
534,Ortensia,Fearney,42,415-877-7427,ofearneyet@prweb.com,1725 Bowman Crossing,3546945342505725
535,Creighton,Smalman,27,443-852-9566,csmalmaneu@usatoday.com,0 Tony Trail,3573836069912663
536,Heriberto,Meininger,40,954-490-7017,hmeiningerev@jalbum.net,18 Dorton Circle,3556822321039975
537,Zebedee,McGrath,49,495-397-3285,zmcgrathew@blogtalkradio.com,6744 2nd Street,5602228142724465
538,Flossie,Fitzgerald,21,604-572-1978,ffitzgeraldex@yellowbook.com,4687 Arkansas Park,3560979472432948
539,Maddy,Giacaponi,33,569-949-3787,mgiacaponiey@amazon.co.jp,679 Talisman Court,3578635583550768
540,Nerty,Debold,56,333-198-6182,ndeboldez@hostgator.com,23 Moose Circle,560223429223699286
541,Inigo,Unger,32,638-611-6662,iungerf0@a8.net,6 Anzinger Place,3575656573910765
542,Tobit,Windress,23,258-213-6715,twindressf1@oakley.com,5 Londonderry Center,3549347293732407
543,Godfry,Wynne,20,801-291-3159,gwynnef2@google.ca,1 Northport Junction,3588529760390254
544,Orel,Gilpillan,41,382-964-9088,ogilpillanf3@examiner.com,38136 Randy Pass,3569397249764124
545,Frasquito,Dewane,53,640-453-9493,fdewanef4@hp.com,8 Hoffman Street,56022110010117581
546,Everett,Vidler,55,846-588-1406,evidlerf5@fc2.com,89287 David Place,5169795866469654
547,Emogene,Devil,32,371-769-6873,edevilf6@quantcast.com,96 Anderson Pass,4175000829570309
548,Lennard,Godrich,22,491-145-2325,lgodrichf7@telegraph.co.uk,5 Scofield Park,3569077630901648
549,Druci,Hanlon,23,481-877-1512,dhanlonf8@posterous.com,215 Eagan Circle,3576552828719250
550,Bent,Simmill,41,556-634-7693,bsimmillf9@themeforest.net,220 Portage Trail,36584105119201
551,Merry,Clair,38,924-381-1870,mclairfa@storify.com,6 Butterfield Hill,3547554201991445
552,Bernadina,Yearby,33,510-947-4054,byearbyfb@apache.org,9 Barby Center,4026942203108183
553,Maxine,Pollack,21,233-361-7907,mpollackfc@parallels.com,487 Butterfield Drive,3557829466507558
554,Sherwynd,Frobisher,32,347-539-5457,sfrobisherfd@360.cn,6 Elmside Street,3581154382742399
555,Zsazsa,Yurkevich,38,407-666-5951,zyurkevichfe@facebook.com,1 Reindahl Alley,3543037654339571
556,Corette,Malam,30,375-709-6240,cmalamff@smh.com.au,9 Northport Terrace,6771545601610394006
557,Noam,Blackster,60,919-375-4046,nblacksterfg@go.com,15680 Nova Crossing,201896762873147
558,Essie,Cordeux,45,590-283-7019,ecordeuxfh@usgs.gov,36512 Dovetail Avenue,6709794632097159
559,Leroi,Gorries,59,420-875-1760,lgorriesfi@yelp.com,4067 Del Mar Lane,3550948451021875
560,Lionel,Joll,22,728-942-8042,ljollfj@flickr.com,74 Sachtjen Drive,3574642725291867
561,Vail,Crompton,33,331-710-4760,vcromptonfk@comcast.net,977 Alpine Drive,3543115841626587
562,Cris,Lilley,32,818-440-6465,clilleyfl@omniture.com,12993 Merrick Crossing,5602231734437850
563,Heather,Ashwin,43,141-798-9777,hashwinfm@dailymotion.com,7138 Longview Street,36284008504266
564,Charlot,Stairmond,37,265-688-9605,cstairmondfn@w3.org,2 Kingsford Plaza,6398687139537162
565,Prentice,Boyan,46,442-540-7012,pboyanfo@csmonitor.com,3512 Becker Trail,6762321092396220
566,Orran,Boyes,49,330-455-6661,oboyesfp@mit.edu,5996 Dawn Center,5002355242063324
567,Winonah,Ruckledge,33,113-452-9476,wruckledgefq@woothemes.com,8 2nd Way,3579909357726360
568,Arv,Ladel,33,675-255-0508,aladelfr@independent.co.uk,37664 Melody Avenue,6762144485749106364
569,Myrtie,Firsby,36,807-954-1999,mfirsbyfs@t.co,5764 Bowman Way,3571822617367115
570,Faythe,Cornely,44,489-629-6743,fcornelyft@free.fr,85 Sommers Parkway,4026489879816947
571,Norene,Housbey,50,736-517-2976,nhousbeyfu@artisteer.com,30325 Claremont Trail,3585163572545773
572,Townie,McLennan,29,678-697-0610,tmclennanfv@columbia.edu,89 Banding Crossing,56100352603358710
573,Rena,Atteridge,37,768-702-6909,ratteridgefw@salon.com,242 6th Pass,201502319155174
574,Kimberly,Wiper,38,249-360-1137,kwiperfx@nature.com,60 Sycamore Junction,67598591227026973
575,Esme,Scarlan,39,284-668-3853,escarlanfy@e-recht24.de,0671 Dorton Circle,5149677389945649
576,Billy,Tinmouth,60,831-927-3190,btinmouthfz@fc2.com,60 Susan Court,491147089354800623
577,Saraann,Lefridge,46,174-144-8648,slefridgeg0@sina.com.cn,2033 Heffernan Court,5602233999397536160
578,Odette,Littlejohn,47,120-410-3484,olittlejohng1@geocities.jp,17 Bunting Lane,3575839381276203
579,Maryjo,Duxfield,39,745-802-6604,mduxfieldg2@xing.com,0 Farmco Way,3584394549598162
580,Loralee,Cecely,54,910-411-6886,lcecelyg3@sbwire.com,7 Esker Point,201940532514142
581,Tonia,Whitlock,36,481-935-2740,twhitlockg4@altervista.org,06 Kim Crossing,3575772509326081
582,Dirk,Rothon,34,109-572-8812,drothong5@webnode.com,219 Laurel Trail,4041595100645
583,Willis,Hunt,42,827-172-3321,whuntg6@skype.com,973 Dottie Street,502040139107564422
584,Olenka,Zecchinelli,25,690-368-1810,ozecchinellig7@usnews.com,81 Arapahoe Trail,3578728041095557
585,Christyna,Lummis,54,857-237-7176,clummisg8@a8.net,5496 Blue Bill Park Court,3551894134318404
586,Melina,Shea,30,839-167-7076,msheag9@live.com,9 Crowley Center,3571557011658467
587,Edmon,Fritz,30,924-980-5692,efritzga@csmonitor.com,1165 Barby Court,3552055579065137
588,Desiri,Gretton,53,394-435-9924,dgrettongb@narod.ru,3 Calypso Road,502050288737769948
589,Nissy,Rudyard,47,396-975-2938,nrudyardgc@sogou.com,35 Holy Cross Lane,3534124058920486
590,Nevins,Petyakov,36,359-214-0595,npetyakovgd@soup.io,34643 Kim Parkway,5010127070471246
591,Maxie,Dummigan,45,481-548-1405,mdummigange@google.co.jp,0 Dexter Road,4017954930890430
592,Ginnie,Abramchik,24,972-427-7283,gabramchikgf@spiegel.de,3543 Oak Valley Park,6767003947825795708
593,Martino,MacMeekan,25,500-638-6396,mmacmeekangg@hexun.com,40 Sutherland Parkway,3589112596077624
594,Gage,Aldhous,34,921-267-7972,galdhousgh@pcworld.com,8 Saint Paul Trail,6382711862335467
595,Elana,Seage,21,813-879-0031,eseagegi@taobao.com,162 Fallview Court,670601766611899286
596,Franklin,Kidder,20,410-109-5343,fkiddergj@twitter.com,9505 Hauk Way,6381544712220998
597,Donia,Hanton,34,777-986-1372,dhantongk@elpais.com,89473 Portage Place,30566858620176
598,Rawley,Tunnow,48,503-736-8378,rtunnowgl@networksolutions.com,7 Buhler Hill,676101860632814390
599,Elie,Staterfield,44,763-122-5111,estaterfieldgm@usda.gov,73 Thierer Street,374622686012898
600,Eimile,McGraw,49,275-759-5443,emcgrawgn@dedecms.com,7101 Clyde Gallagher Circle,3575106883789913
601,Max,Matignon,49,369-324-8531,mmatignongo@chicagotribune.com,2682 Knutson Street,374288344342778
602,Morton,Mantione,40,814-288-7823,mmantionegp@bing.com,26 Comanche Street,374283204568539
603,Nathanial,Crenshaw,45,664-760-2094,ncrenshawgq@omniture.com,6 Barnett Lane,3546046555942331
604,Christoffer,Holleworth,38,476-998-9647,cholleworthgr@virginia.edu,1 Daystar Street,3571888827506065
605,Vernice,Wheelan,60,577-242-1649,vwheelangs@usgs.gov,561 Merchant Parkway,36738563894867
606,Hazlett,oldey,48,429-862-9893,holdeygt@dell.com,65112 Annamark Street,3565597950902524
607,Alick,Wardale,34,586-324-3730,awardalegu@answers.com,186 Lakewood Gardens Way,5552321897384906
608,Adelbert,Sherratt,22,283-149-2622,asherrattgv@edublogs.org,248 Sullivan Center,5602255072098818
609,Vinni,Fallen,22,142-287-7100,vfallengw@europa.eu,07695 Killdeer Circle,3546826798673896
610,Abbye,Stebbings,22,507-552-8494,astebbingsgx@patch.com,86275 Gale Street,4936956570597298
611,Zonda,Rowes,33,327-914-3532,zrowesgy@opensource.org,78014 Hansons Circle,3583297659084439
612,Gordon,Truelock,58,353-754-5694,gtruelockgz@google.com.hk,5 Hoard Hill,3530225262885730
613,Adorne,Bales,55,632-635-2441,abalesh0@rediff.com,9495 Quincy Lane,3558994529841151
614,Selia,Godman,53,626-277-1971,sgodmanh1@webs.com,72 Acker Place,6759189247479950854
615,Cherise,Gian,42,390-163-5693,cgianh2@tinyurl.com,98059 Northfield Crossing,3574863493797295
616,Natal,Brackstone,42,319-446-8497,nbrackstoneh3@google.co.jp,52829 Pankratz Drive,5602229110963753728
617,Shandee,Dixcey,60,605-261-3296,sdixceyh4@bloglovin.com,718 Wayridge Point,3576498408166894
618,Ermanno,Farryann,52,300-573-1264,efarryannh5@indiatimes.com,982 Fieldstone Place,3579089856534571
619,Ursulina,Elverston,34,206-182-2001,uelverstonh6@dmoz.org,78 Northview Alley,337941455790625
620,Ardisj,Innocent,54,260-448-9794,ainnocenth7@sun.com,8962 Corben Hill,5893587297941933745
621,Stephine,Wetheril,58,239-268-3989,swetherilh8@topsy.com,38353 Crownhardt Parkway,5149069393785445
622,Hilliary,Midlane,23,502-295-7870,hmidlaneh9@theatlantic.com,341 Prairie Rose Parkway,6381228193692244
623,Dannie,Austwick,50,568-945-1582,daustwickha@bloomberg.com,01 Linden Center,5100170899622855
624,Thomas,Keaysell,46,449-953-6067,tkeaysellhb@google.nl,8 Cottonwood Terrace,3542344397620841
625,Kamillah,Craighall,54,331-397-1567,kcraighallhc@123-reg.co.uk,78 Jenna Road,3571523826500195
626,Hillier,Strethill,33,978-640-9322,hstrethillhd@engadget.com,74 Summerview Parkway,3541066644299340
627,Fawne,Pinshon,49,978-963-8152,fpinshonhe@newsvine.com,37 Hayes Park,3569424514815603
628,Perri,Berg,45,830-375-0155,pberghf@illinois.edu,8890 Golf View Center,5602257998624703511
629,Jerry,Foulis,53,181-266-2843,jfoulishg@mit.edu,938 Fremont Place,379465109830438
630,Willow,Gascoigne,23,244-273-1175,wgascoignehh@cargocollective.com,5822 American Street,56106491506918677
631,Leta,Tapenden,28,342-725-4171,ltapendenhi@umn.edu,654 Gerald Alley,3589345499758185
632,Grete,Giacaponi,33,365-343-9945,ggiacaponihj@bloglines.com,316 Coolidge Court,201920492126343
633,Felike,Vinton,56,529-809-2782,fvintonhk@de.vu,8 Larry Road,3564202926200134
634,Carine,Gorvin,58,833-707-9404,cgorvinhl@columbia.edu,5195 Calypso Way,5018979739956439647
635,Alana,Patrono,57,543-698-2320,apatronohm@weather.com,81594 Nobel Junction,3566949087285332
636,Harri,Maddigan,24,235-353-8802,hmaddiganhn@examiner.com,1 Harbort Terrace,67068260988404628
637,Norrie,Gouge,21,562-741-0235,ngougeho@scribd.com,0 Arapahoe Circle,337941277772397
638,Fraser,MacTavish,43,419-159-8071,fmactavishhp@wikia.com,91927 Springs Alley,3537108041847978
639,Lev,Jurgenson,35,151-780-7509,ljurgensonhq@msn.com,0 Buhler Park,560223836369074373
640,Fredric,Arrow,47,506-195-0447,farrowhr@go.com,4 Clemons Junction,374288670652907
641,Henka,Doyle,55,744-638-5505,hdoylehs@delicious.com,8293 Hauk Lane,3555640380011870
642,Sullivan,Duke,45,259-462-6428,sdukeht@nsw.gov.au,38780 Birchwood Hill,6389910243829023
643,Phillip,Stephens,48,405-894-0669,pstephenshu@angelfire.com,16195 Golf Course Hill,201733137198829
644,Gram,Ruckhard,57,186-983-7559,gruckhardhv@people.com.cn,7341 Lake View Plaza,374288613374726
645,Marys,Rollitt,45,648-933-8421,mrollitthw@w3.org,3409 Maple Wood Terrace,30429106475770
646,Anetta,Mapes,37,545-359-6852,amapeshx@miitbeian.gov.cn,10303 Holmberg Crossing,50206480059554999
647,Harrietta,Masurel,35,729-932-6266,hmasurelhy@pcworld.com,9047 Pankratz Point,3549284235358985
648,Myrilla,Buckerfield,50,776-499-1013,mbuckerfieldhz@amazonaws.com,387 Petterle Road,3537117812394524
649,Gertrude,Ivchenko,31,403-181-2066,givchenkoi0@so-net.ne.jp,66 Trailsway Center,3528632847070882
650,Everard,Pyecroft,46,806-114-5820,epyecrofti1@deliciousdays.com,98459 Springs Trail,5020639563893363530
651,Zebulon,Capp,41,733-426-4178,zcappi2@irs.gov,42382 Burrows Road,30070606124045
652,Lanna,Merriday,48,245-155-4977,lmerridayi3@imgur.com,2 Menomonie Point,5007660125640782
653,Noami,Streat,49,834-117-2728,nstreati4@nih.gov,1 Grayhawk Point,5010123439552040
654,Prinz,Ochterlony,47,616-997-7026,pochterlonyi5@epa.gov,1533 Roxbury Pass,3534046437579941
655,Sutherland,Todarello,43,698-631-3613,stodarelloi6@vimeo.com,0517 Division Circle,3560860067232259
656,Kelby,Heinrici,25,920-915-1772,kheinricii7@cloudflare.com,897 Monument Drive,3588592663948164
657,Reinwald,Bartunek,26,244-975-1695,rbartuneki8@ovh.net,664 Springview Point,3545799520787667
658,Vinson,Hammarberg,20,919-907-9641,vhammarbergi9@admin.ch,14 Almo Street,3532253928302872
659,Keen,Dorwood,49,293-987-0412,kdorwoodia@drupal.org,80 Stoughton Circle,30201021868656
660,Rolando,Bercher,25,395-222-9248,rbercherib@lycos.com,5 Judy Terrace,50204671338566539
661,Rivi,Hazle,37,492-668-9229,rhazleic@upenn.edu,6 Macpherson Pass,3576224118216633
662,Shayla,Dietz,43,682-689-0310,sdietzid@taobao.com,9887 Northview Road,201516059686628
663,Caritta,Loughlan,46,815-661-7027,cloughlanie@fc2.com,84 Rutledge Street,675955758069041637
664,Muriel,Lane,26,702-650-5444,mlaneif@devhub.com,89459 Fair Oaks Street,4231375558050448
665,Lonna,Burnand,33,804-104-0740,lburnandig@ebay.co.uk,805 Ruskin Street,3558722182646934
666,Lisle,Buddington,24,378-550-8727,lbuddingtonih@surveymonkey.com,472 Kingsford Road,201907841379962
667,Belicia,Coldbathe,53,206-987-7219,bcoldbatheii@mashable.com,6317 Lighthouse Bay Trail,30203537278065
668,Judie,Geffen,53,547-849-6059,jgeffenij@mit.edu,64 Meadow Ridge Park,5010122342709002
669,Dominique,Carus,21,267-730-5784,dcarusik@spiegel.de,59949 Ramsey Parkway,5108756180801877
670,Joanne,Ragot,52,929-987-2981,jragotil@indiatimes.com,54 Delladonna Center,676350611610955129
671,Roberto,Glanville,37,847-989-5684,rglanvilleim@salon.com,7818 Village Green Court,4405538564099762
672,Rebeca,Michelet,29,412-857-4618,rmicheletin@census.gov,4223 Crescent Oaks Plaza,3573643771964705
673,Zulema,Joder,35,370-480-8858,zjoderio@theguardian.com,69444 Claremont Crossing,3581192633805060
674,Victoria,Pauletto,25,332-535-5439,vpaulettoip@utexas.edu,5290 Washington Crossing,3562797019610273
675,Griswold,Kenderdine,44,157-963-7723,gkenderdineiq@cnbc.com,886 South Pass,3566614775817222
676,Barret,Aish,49,624-831-4157,baishir@shinystat.com,654 Glendale Pass,3568453334710463
677,Lin,Collopy,41,407-819-4773,lcollopyis@forbes.com,600 Dottie Junction,5242450005820141
678,Giffie,Synke,52,506-699-6933,gsynkeit@miibeian.gov.cn,1660 Schlimgen Court,3582644558418708
679,Roselia,Chipperfield,56,364-628-1556,rchipperfieldiu@springer.com,0 Schmedeman Point,5100172760019013
680,Erica,Farny,38,893-515-5253,efarnyiv@bloomberg.com,666 Lyons Place,3560227403067619
681,Corina,Lago,21,499-946-3102,clagoiw@apache.org,22 Schmedeman Center,3536382693533282
682,Brendon,Bread,56,524-716-0598,bbreadix@narod.ru,03 Anhalt Crossing,3580966046396432
683,Easter,Codi,44,212-121-6445,ecodiiy@elegantthemes.com,84 Ramsey Place,4911839831391132
684,Egbert,Wiltshear,41,704-423-7515,ewiltsheariz@uol.com.br,90 Muir Court,3571669771266231
685,Emmalynn,Roostan,46,390-759-3712,eroostanj0@fotki.com,70217 Kedzie Way,5100175844809200
686,Tillie,Clogg,50,381-888-1804,tcloggj1@scientificamerican.com,69157 Spenser Court,201525654205759
687,Troy,Lasty,51,770-246-8355,tlastyj2@earthlink.net,265 Ruskin Court,3529771362007124
688,Michaella,Cracknall,20,904-386-2842,mcracknallj3@utexas.edu,06 Columbus Center,201857398127860
689,Ellene,Dugan,38,576-811-9220,eduganj4@hhs.gov,813 Summit Park,201810403021610
690,Ellyn,Durant,36,201-512-4516,edurantj5@un.org,5375 Maple Wood Way,5610805101900523
691,Adrien,Kull,22,562-803-9872,akullj6@exblog.jp,7 Corben Avenue,3540615985317581
692,Wendeline,Vamplew,46,214-341-5031,wvamplewj7@vinaora.com,85064 Schmedeman Place,3554127453704731
693,Warde,Castagno,41,161-398-1685,wcastagnoj8@youtube.com,1520 Mallard Circle,5602250155335526
694,Jay,Strattan,42,454-280-3133,jstrattanj9@pbs.org,29 Burning Wood Point,3547502292449021
695,Rob,Stickney,32,719-855-2117,rstickneyja@lulu.com,49993 Melvin Road,3566153251598279
696,Chelsey,Flannigan,29,771-262-9421,cflanniganjb@mail.ru,30 Becker Parkway,5100176416401277
697,Rowan,Tavinor,51,705-295-5870,rtavinorjc@time.com,95 Monterey Lane,3563745884253108
698,Cordelia,Descroix,39,470-479-3948,cdescroixjd@apache.org,87 Carberry Trail,5100135815205945
699,Tonnie,Shotter,36,411-343-2281,tshotterje@sciencedirect.com,24 Maple Avenue,3582096749329502
700,Norby,Kealy,34,965-889-3461,nkealyjf@berkeley.edu,37 Lakewood Crossing,3566353391133157
701,Jermain,Poley,26,651-776-0232,jpoleyjg@upenn.edu,6554 Hayes Park,3535806904761630
702,Adey,McCreedy,30,408-359-0660,amccreedyjh@123-reg.co.uk,9907 Pleasure Hill,201810870465498
703,Rebeca,Jery,42,823-355-2342,rjeryji@myspace.com,655 Bellgrove Place,6759205857541325
704,Stearne,Liddall,31,851-686-9496,sliddalljj@de.vu,2 Sutteridge Point,670953408915829420
705,Robenia,Beauchamp,41,791-189-6845,rbeauchampjk@example.com,555 Northridge Court,5602223839333290
706,Kareem,Owbridge,58,293-196-1269,kowbridgejl@mit.edu,15 Merrick Plaza,6373813760716722
707,Alyosha,Vigars,31,266-609-5987,avigarsjm@dmoz.org,685 Laurel Drive,6333978827655170564
708,Dougie,Minmagh,32,116-174-4165,dminmaghjn@a8.net,5282 Wayridge Way,3582784001013704
709,Lauretta,Blaxter,31,840-737-8310,lblaxterjo@boston.com,4 Caliangt Drive,3579307961757915
710,Ronni,Wolfendale,50,976-828-9566,rwolfendalejp@feedburner.com,0 Myrtle Trail,3530267317888178
711,Julee,Wolverson,54,233-466-4999,jwolversonjq@ed.gov,3493 Melrose Place,3585415361768291
712,Konrad,Doman,47,752-753-7815,kdomanjr@angelfire.com,91709 Bayside Crossing,3539996084325409
713,Bree,Simenet,28,990-699-0043,bsimenetjs@php.net,405 Grover Hill,3534673847247205
714,Nester,D'Aulby,30,583-157-5106,ndaulbyjt@quantcast.com,36 Burrows Center,374283649459534
715,Garrett,Lohan,39,275-116-7807,glohanju@macromedia.com,0316 High Crossing Road,3576089773117859
716,Darlene,Aldus,23,408-700-5539,daldusjv@4shared.com,2451 Crownhardt Lane,3562471716834517
717,Berty,Sabates,22,562-166-7740,bsabatesjw@samsung.com,3 Green Center,3538108273436853
718,Prescott,Zarfai,20,754-405-6478,pzarfaijx@discuz.net,14 Kenwood Avenue,4175000097551676
719,Bonnie,Cordeix,28,146-260-4731,bcordeixjy@edublogs.org,993 Oneill Drive,5602232444286066
720,Kim,Fidal,39,256-147-0793,kfidaljz@europa.eu,926 Sommers Circle,3547587872995634
721,Ashely,Najara,58,645-371-7320,anajarak0@cbslocal.com,18798 Bobwhite Trail,5602241767878561134
722,Park,Poutress,47,250-405-6461,ppoutressk1@barnesandnoble.com,2010 North Center,3539843426339393
723,Shane,Badam,32,324-686-9143,sbadamk2@webnode.com,24 Meadow Vale Pass,6767274463718016
724,Quinta,Millimoe,26,996-200-4150,qmillimoek3@indiegogo.com,586 Logan Place,3576024426437065
725,Elisabet,Syder,58,252-502-7982,esyderk4@amazon.co.jp,17 Warbler Terrace,5010126134380674
726,Magdalena,Greystock,24,580-542-2559,mgreystockk5@princeton.edu,4 Kings Lane,3547500920917526
727,Karlik,Gentile,59,734-912-3994,kgentilek6@ucla.edu,69817 South Point,5168268272069865
728,Ruddy,Ribchester,60,858-427-4145,rribchesterk7@squarespace.com,749 Banding Road,3539907000861567
729,Carolynn,Saiger,45,190-231-8023,csaigerk8@tripadvisor.com,673 Weeping Birch Pass,5007667274068202
730,Zacharias,Mowle,34,684-608-7129,zmowlek9@businessinsider.com,8473 Burning Wood Point,6771777857189192
731,Kaylyn,Hallwood,36,820-279-3918,khallwoodka@csmonitor.com,57 Del Sol Pass,36591001362579
732,Parrnell,Luck,23,630-782-4225,pluckkb@about.me,147 Thompson Lane,30299477250031
733,Saba,Axtell,59,810-551-2899,saxtellkc@skyrock.com,5 Parkside Drive,3561259707189806
734,Lauree,Crimes,28,169-708-6718,lcrimeskd@chron.com,3258 Northridge Place,4041378657588805
735,Franzen,Liffey,54,542-299-0840,fliffeyke@skyrock.com,57 Welch Court,3528528897029366
736,Keven,Hegge,40,781-229-6427,kheggekf@51.la,33 Barnett Junction,060434554736757978
737,Daphne,Tulley,48,758-301-1890,dtulleykg@slate.com,7 Sunbrook Street,6380206202225744
738,Angelico,Harlow,50,767-255-3579,aharlowkh@phoca.cz,4623 Independence Way,3551493662111651
739,Dorthy,Beetham,38,588-511-8398,dbeethamki@delicious.com,3585 Lawn Circle,6709936446557291386
740,Adelice,Garretson,41,165-751-8293,agarretsonkj@digg.com,3437 Starling Court,3557532418220144
741,Ulrika,de Broke,28,795-841-4005,udebrokekk@omniture.com,609 Crownhardt Road,376318885129850
742,Mattheus,Silberschatz,33,925-668-9845,msilberschatzkl@redcross.org,89293 Stone Corner Hill,630490152825624117
743,Randell,Partridge,42,716-253-1996,rpartridgekm@elpais.com,4963 Dahle Park,4936798496521141470
744,Alma,Rootham,45,547-209-5558,aroothamkn@answers.com,28542 Barnett Center,63048622671794314
745,Lynnell,Gullen,27,393-607-1562,lgullenko@un.org,638 Randy Avenue,3549739723619305
746,Malachi,Hayland,20,589-783-9291,mhaylandkp@moonfruit.com,615 Clyde Gallagher Junction,3564016366822896
747,Ailyn,Lapenna,50,617-999-9244,alapennakq@google.ru,4174 Luster Place,3552291908982979
748,Marcie,Duckers,28,244-812-1066,mduckerskr@lycos.com,99 Scoville Hill,3539517791835595
749,Rica,McGuggy,37,528-283-2225,rmcguggyks@sogou.com,3174 Northwestern Center,50206841480081623
750,Lancelot,Birtwell,36,253-120-4765,lbirtwellkt@over-blog.com,00 Morning Circle,3564027934196606
751,Shaina,Dallison,37,405-301-1537,sdallisonku@people.com.cn,2061 Lunder Pass,3571135142750600
752,Estrella,Theakston,42,371-415-5617,etheakstonkv@cloudflare.com,2513 Killdeer Hill,5602258977663611
753,Annabela,Summerfield,38,405-332-5415,asummerfieldkw@psu.edu,3 Springs Plaza,375363517166616
754,Cordi,Judron,51,480-550-8241,cjudronkx@chicagotribune.com,8 Buena Vista Junction,633350351699881620
755,Parke,Auld,38,982-200-3210,pauldky@bandcamp.com,14 Cottonwood Plaza,3528817930799329
756,Hailee,Blunkett,21,723-974-2725,hblunkettkz@angelfire.com,067 Graedel Road,3546795305285900
757,Juan,Lippiatt,53,895-317-9778,jlippiattl0@unesco.org,7198 Marcy Alley,6767653099573115904
758,Gary,Klauer,51,737-610-4545,gklauerl1@studiopress.com,02754 Prairie Rose Drive,3541707933020786
759,Ogdon,Peak,53,114-254-4584,opeakl2@sciencedaily.com,873 Bluejay Hill,560225794784236242
760,Delbert,Rekes,35,191-539-9132,drekesl3@spiegel.de,3 1st Plaza,3534737419436361
761,Johnathon,Fearney,50,277-446-0858,jfearneyl4@nymag.com,86 Mandrake Road,3546557955003938
762,Valencia,Bauduin,44,492-843-6641,vbauduinl5@economist.com,30418 Barnett Hill,3571577413904061
763,Delano,Trippitt,24,979-341-9058,dtrippittl6@sakura.ne.jp,40 Granby Hill,5602253749453268
764,Linea,Lambshine,32,504-824-3448,llambshinel7@sogou.com,9 Dryden Parkway,6396182504232542
765,Sileas,Pickerell,52,903-713-4469,spickerelll8@nytimes.com,5 Garrison Plaza,3581207898927142
766,Vonni,McAleese,40,307-629-8701,vmcaleesel9@businessinsider.com,50 Garrison Terrace,30176055485082
767,Flor,Fessions,29,323-463-2961,ffessionsla@apache.org,74288 Monica Park,630409656440738730
768,Niles,Corpe,60,290-315-0175,ncorpelb@google.fr,30 Hollow Ridge Crossing,3532031648050496
769,Saw,Mercey,32,846-789-8655,smerceylc@abc.net.au,97 Marquette Road,3540232076657451
770,Aldus,Moores,22,744-313-9817,amooresld@latimes.com,1988 Stang Plaza,6771650717670460684
771,Armand,Morrad,51,767-420-9737,amorradle@rakuten.co.jp,8960 Golf View Terrace,5598501095472001
772,Maxi,De Fries,26,126-699-8161,mdefrieslf@nbcnews.com,8 Chinook Hill,377706175319984
773,Clemmie,Giral,28,797-630-3279,cgirallg@alexa.com,38 Knutson Lane,3541577748194591
774,Cliff,Nobes,21,459-453-7901,cnobeslh@rambler.ru,54 Stephen Hill,5565428231629931
775,Margret,Wharfe,23,863-444-8870,mwharfeli@apple.com,850 Moland Plaza,3548956874490879
776,Kandy,McCrow,52,892-809-4998,kmccrowlj@apache.org,499 Kropf Road,5100130750588405
777,Bax,Baines,40,952-818-2938,bbaineslk@gnu.org,40 Dahle Terrace,3540144735555739
778,Roze,M'Quhan,50,348-343-1980,rmquhanll@wordpress.org,2306 Lakeland Circle,30097392647368
779,Dominik,Finey,25,846-406-4410,dfineylm@alexa.com,0396 Upham Road,3533057391611449
780,Orsa,Weare,39,901-843-9769,oweareln@state.gov,424 Sommers Crossing,3561928893933561
781,Marlena,Riggoll,29,977-876-2706,mriggolllo@cnet.com,0 Truax Drive,6392279975750442
782,Jacqueline,Ponsford,51,951-676-1533,jponsfordlp@typepad.com,6204 Delladonna Avenue,3577176069907082
783,Laurette,McGiven,47,969-716-2365,lmcgivenlq@moonfruit.com,5 Stang Circle,3584233539044300
784,Klaus,Arter,49,962-298-8703,karterlr@about.me,8035 Saint Paul Point,5002352441055581
785,Giacopo,Frigot,56,526-134-5246,gfrigotls@purevolume.com,8750 Kropf Way,3562375498610278
786,Ole,MacCleay,44,742-895-6020,omaccleaylt@ihg.com,3810 Meadow Ridge Parkway,3531990175637119
787,Jonis,Teasell,40,474-527-2001,jteaselllu@shutterfly.com,509 Green Center,201908976847187
788,Iain,Wardrope,46,303-737-8104,iwardropelv@ted.com,3 Porter Plaza,30554677226193
789,Janean,Cordeux,32,826-720-0671,jcordeuxlw@istockphoto.com,4487 Maywood Drive,6771919519817283574
790,Darbee,Lydiard,45,472-565-1943,dlydiardlx@netscape.com,1 Paget Drive,5163638908741043
791,Leigha,Walesa,46,556-977-9495,lwalesaly@multiply.com,25 West Plaza,56022359902300249
792,Flossie,Burnall,25,822-756-9019,fburnalllz@nasa.gov,2305 Hauk Lane,201487346313998
793,Lacy,Boat,56,513-920-4581,lboatm0@nifty.com,8284 Annamark Hill,5108756573581540
794,Layney,Sare,56,777-682-0632,lsarem1@umich.edu,81 Bunker Hill Way,3574508942848021
795,Olivie,Marns,48,218-359-4330,omarnsm2@deviantart.com,190 Crowley Road,560222709742629240
796,Darda,Feldharker,25,418-369-0842,dfeldharkerm3@behance.net,6 Steensland Trail,3542119657831100
797,Ray,Stranger,35,318-108-1689,rstrangerm4@gmpg.org,1505 Homewood Lane,3558254498276875
798,Elizabet,Portriss,23,435-455-2650,eportrissm5@livejournal.com,44174 Delladonna Trail,5220925540798759
799,Fan,Harrhy,53,307-446-4977,fharrhym6@google.cn,25 Golf Lane,30141291854913
800,Wake,Segot,21,472-158-0829,wsegotm7@mapy.cz,661 Moland Terrace,3574556564073865
801,Lorinda,Glading,60,624-327-7123,lgladingm8@cnn.com,0 Algoma Circle,670921369786645114
802,Gris,Fanthome,44,489-465-2172,gfanthomem9@free.fr,48787 Morning Point,3589056878849822
803,Malinde,Brighty,45,538-151-5392,mbrightyma@ucsd.edu,76 Oak Valley Hill,3560322037513060
804,Angelina,Phidgin,45,360-288-1005,aphidginmb@auda.org.au,40 Browning Avenue,4844569741599381
805,Kalindi,Hassard,25,408-141-8196,khassardmc@edublogs.org,253 Carberry Center,3562039298223662
806,Lyell,Hatto,54,882-931-5131,lhattomd@nps.gov,7 Fallview Alley,5010125182961948
807,Hakeem,Gavini,31,327-593-4762,hgavinime@prlog.org,2041 Bellgrove Drive,6334868958183141
808,Pippa,Lassey,24,341-489-7240,plasseymf@yahoo.co.jp,15459 Merchant Trail,3576252077552201
809,Morrie,Blissitt,33,325-663-3137,mblissittmg@slashdot.org,48591 Killdeer Court,337941725015746
810,Dynah,Stollsteiner,20,392-996-8318,dstollsteinermh@narod.ru,352 Milwaukee Park,4405239740227647
811,Morgen,Burnell,48,905-695-8795,mburnellmi@spiegel.de,1 Summerview Lane,633110120395924526
812,Padraig,Offin,30,797-588-9422,poffinmj@jiathis.com,379 Oak Way,3587619317234146
813,Mort,Scollard,25,679-286-4570,mscollardmk@statcounter.com,9 Toban Way,5610538334717071
814,Valentino,Haselden,60,189-611-3382,vhaseldenml@about.me,9440 Drewry Way,3580452113822139
815,Jolynn,McRobb,45,129-204-7928,jmcrobbmm@ucoz.com,4636 Morning Road,5602248966507036
816,Alva,Peirce,45,179-608-3282,apeircemn@usa.gov,3555 Trailsway Junction,3572967791687660
817,Haslett,Restill,49,829-533-4424,hrestillmo@apache.org,8419 Bobwhite Terrace,5610465901660809
818,Allix,Cathery,58,608-689-8326,acatherymp@friendfeed.com,8635 Schurz Trail,4017959993286517
819,Tadeo,Belle,57,239-687-0237,tbellemq@sakura.ne.jp,34298 Swallow Alley,5100143612530465
820,Linda,Fitzpatrick,57,768-274-8194,lfitzpatrickmr@pinterest.com,61457 Northland Place,374622759982233
821,Malcolm,Fownes,25,160-891-4153,mfownesms@yahoo.co.jp,23 Old Shore Pass,6762532848942675
822,Ado,Simenet,40,498-643-3413,asimenetmt@soup.io,7355 Cherokee Drive,3563529198882996
823,Maynard,Eldrett,56,908-648-9227,meldrettmu@samsung.com,71905 Vermont Alley,3575953777593384
824,Brit,Puckett,47,411-872-6095,bpuckettmv@scribd.com,22 Mandrake Street,3563048772092104
825,Duffy,Pickerill,45,471-441-2677,dpickerillmw@facebook.com,7 Hoffman Court,493642367049615846
826,Gibb,Artrick,25,452-430-7045,gartrickmx@pinterest.com,874 Hovde Place,5641827772721064
827,Maribeth,Rosencwaig,55,376-207-7078,mrosencwaigmy@tamu.edu,7968 Washington Circle,201601316488701
828,Roddie,Brodley,36,924-762-3932,rbrodleymz@discuz.net,74553 Dakota Road,3532785712801965
829,Willi,Cranney,23,515-447-4499,wcranneyn0@redcross.org,889 Lillian Trail,50188624370539088
830,Nichole,MacAless,55,542-981-5561,nmacalessn1@nps.gov,6 Lawn Street,4175004971942860
831,Roldan,Denney,59,897-734-6117,rdenneyn2@geocities.jp,9180 Killdeer Lane,3534345630802856
832,Jody,Archley,40,576-407-4291,jarchleyn3@github.com,748 Caliangt Pass,36220871292787
833,Ilise,Caro,43,755-481-4296,icaron4@slate.com,44 Delaware Terrace,3555056181574323
834,Gris,Nuss,23,341-913-4383,gnussn5@yahoo.com,63375 Monica Circle,3544121785832123
835,Robbert,Rawls,54,953-559-4742,rrawlsn6@chicagotribune.com,00011 Lillian Avenue,3540644048229211
836,Clarke,Haslin,21,806-798-4010,chaslinn7@twitter.com,4 Loeprich Plaza,30124641898962
837,Kelcie,Lawday,36,915-928-2719,klawdayn8@dailymail.co.uk,0031 Arizona Court,564182221317666433
838,Susannah,Falkinder,29,448-498-4248,sfalkindern9@newsvine.com,9 American Ash Point,3580932063084764
839,Trixi,Ickeringill,46,560-773-3042,tickeringillna@chicagotribune.com,11250 Russell Road,3583034591402803
840,Denny,Jakubowsky,24,680-446-4240,djakubowskynb@newyorker.com,64712 Briar Crest Alley,3572611179829110
841,Parry,Cloonan,24,948-900-4272,pcloonannc@hugedomains.com,83 Burrows Park,30377802062147
842,Iormina,Jezzard,40,540-209-8675,ijezzardnd@php.net,8842 Corry Alley,337941612013572
843,Haskell,Joslow,39,499-715-5984,hjoslowne@howstuffworks.com,5 Macpherson Point,3575991862473179
844,Lois,Edeson,20,967-153-1233,ledesonnf@mashable.com,99 Sutherland Hill,3589677463089845
845,Garth,Le Blanc,34,954-651-5292,gleblancng@ehow.com,3269 6th Hill,5007660025650642
846,Kiley,Johnys,45,902-889-5615,kjohnysnh@youtube.com,3732 Roth Terrace,30062457117004
847,Nessy,Ferries,52,652-842-6121,nferriesni@rediff.com,913 Havey Hill,3551978673698712
848,Ferdinand,Tutill,45,867-296-6399,ftutillnj@qq.com,79100 Independence Park,30046084505442
849,Jarret,Helliker,48,896-912-0635,jhellikernk@rambler.ru,2 Waubesa Alley,3579665419601724
850,Danyette,Simonou,31,234-299-4158,dsimonounl@virginia.edu,7712 Menomonie Circle,201581165053881
851,Tedra,Eames,54,648-555-4488,teamesnm@topsy.com,9133 Westport Way,560224341258392704
852,Kiele,Walewski,35,385-277-4415,kwalewskinn@soundcloud.com,6 Grim Avenue,5602220284418634
853,Dill,Hartrick,25,932-401-1853,dhartrickno@foxnews.com,439 Saint Paul Avenue,3583945856979732
854,Gusta,Hobbing,37,766-606-4248,ghobbingnp@hostgator.com,707 Anhalt Point,4917081232958847
855,Isidora,Hazzard,46,814-682-0882,ihazzardnq@netlog.com,88640 Bartillon Terrace,5148771355667567
856,Aridatha,Pomeroy,29,400-543-2438,apomeroynr@prlog.org,11 Esch Street,4844644009494615
857,Oona,O'Sherrin,25,788-796-7992,oosherrinns@comsenz.com,57712 Loeprich Lane,5108753626227569
858,Stacy,Joron,53,721-348-9005,sjoronnt@techcrunch.com,610 2nd Street,4913675213613166
859,Rosalinda,Ickowics,38,212-535-8805,rickowicsnu@blinklist.com,66385 Pennsylvania Way,3530602576572412
860,Freeman,Yersin,29,420-470-1414,fyersinnv@opensource.org,0 Artisan Plaza,5100140131570410
861,Neal,Redmond,39,904-856-6420,nredmondnw@reddit.com,997 Mandrake Pass,3580640967588208
862,Sheffy,Vahl,57,351-450-9752,svahlnx@etsy.com,61191 Oakridge Hill,342134966750626
863,Tiena,Thrussell,36,971-334-0215,tthrussellny@wiley.com,507 Nobel Place,5581113972069626
864,Pablo,Hitter,29,756-984-8586,phitternz@hhs.gov,6430 Lakewood Gardens Hill,372301395393343
865,Minette,Padfield,21,331-853-4642,mpadfieldo0@mapy.cz,4709 Carberry Crossing,3530340226954363
866,Willy,Cleiment,43,695-104-3799,wcleimento1@google.de,652 Towne Drive,30365481666460
867,Gianna,Hynes,50,104-869-0115,ghyneso2@nydailynews.com,21 Shelley Way,3559814638977861
868,Shermie,Gatus,50,984-669-0940,sgatuso3@mozilla.org,65463 Luster Park,3585086145645236
869,Olive,Stonner,22,570-171-6664,ostonnero4@cbc.ca,46454 Dunning Center,3584664950952870
870,Dorolice,Coytes,35,357-187-2050,dcoyteso5@digg.com,3 Springs Court,5893517483760644531
871,Donnie,Decreuze,28,245-904-4095,ddecreuzeo6@adobe.com,71 Towne Pass,3557734282612089
872,Enrica,Brightling,34,499-641-5486,ebrightlingo7@gnu.org,3022 Warner Road,6333589131633792388
873,Bell,Fielder,47,942-911-5536,bfieldero8@dell.com,896 Meadow Valley Drive,5602221173519809590
874,Alethea,Parrington,35,334-269-8824,aparringtono9@wired.com,68978 Susan Park,30292943159407
875,Darelle,Lornsen,53,444-783-9108,dlornsenoa@nydailynews.com,143 Tennessee Plaza,3582267148195394
876,Abby,Illidge,55,703-438-3562,aillidgeob@g.co,90520 Susan Lane,490399528646253114
877,Fulvia,Shew,25,588-737-8627,fshewoc@ustream.tv,90682 7th Way,3578037499033098
878,Dewey,Neward,43,475-338-1488,dnewardod@e-recht24.de,57843 Mandrake Circle,3563855240638122
879,Gael,Pickrell,32,234-825-4105,gpickrelloe@ebay.co.uk,6635 Everett Place,5306074177505604
880,Wanids,Scholfield,54,454-203-8835,wscholfieldof@cbsnews.com,3 Riverside Parkway,3535875344327054
881,Darline,Petrov,50,644-148-7196,dpetrovog@netscape.com,93 Bluestem Point,676768933242645035
882,Kailey,MacLese,33,126-599-2851,kmacleseoh@cisco.com,127 Lukken Street,3565513764254457
883,Vivianne,Erskine Sandys,21,593-809-1547,verskinesandysoi@house.gov,92405 Glacier Hill Junction,5893230927359379699
884,Bryan,Coo,51,227-875-2846,bcoooj@usatoday.com,31 Scott Way,374622660720045
885,Jonas,Lambertazzi,21,504-529-9428,jlambertazziok@bbc.co.uk,0 Drewry Trail,5048374206142475
886,Cristiano,Brabant,55,383-255-0640,cbrabantol@weebly.com,15 Kropf Point,6378190227837051
887,Meredith,Dooly,46,694-140-0321,mdoolyom@dion.ne.jp,952 Mesta Hill,4913352158685142
888,Desiri,Lammiman,44,655-955-7388,dlammimanon@ustream.tv,88 Clemons Court,490529020412685714
889,Alanson,Ades,36,638-629-3559,aadesoo@vkontakte.ru,4 Bayside Way,6333098197365181
890,Bartolemo,Durham,55,266-525-3277,bdurhamop@kickstarter.com,0603 Victoria Park,4913232236526890
891,Aguie,Assender,39,196-481-6954,aassenderoq@abc.net.au,1 Milwaukee Place,372899429410934
892,Nonah,Petschel,49,476-598-4378,npetschelor@taobao.com,52730 Forest Junction,201770074774964
893,Christi,Scardifield,42,695-663-9429,cscardifieldos@reddit.com,2 Mcbride Parkway,5100149202992908
894,Rosene,Tiplady,58,825-243-4109,rtipladyot@microsoft.com,2970 Mesta Center,67594670706271252
895,Claudine,Bedford,49,587-964-4090,cbedfordou@friendfeed.com,83 Lakewood Gardens Place,3589924740920743
896,Nollie,Sandeland,57,711-629-1046,nsandelandov@google.com,1 Artisan Terrace,5602229557866957
897,Kelley,Dagg,45,802-845-3029,kdaggow@nsw.gov.au,6 Village Green Alley,3577352746381823
898,Levey,Old,34,363-270-1524,loldox@discovery.com,6621 Sunbrook Center,63044770280769831
899,Theresita,Jore,49,585-379-9603,tjoreoy@shutterfly.com,6179 Maywood Road,3548234126552320
900,Pia,Sherry,39,588-260-0676,psherryoz@blog.com,5377 Sycamore Alley,5602226549512665
901,Nikola,Teacy,25,385-731-5311,nteacyp0@ning.com,74 Bartillon Way,6334272037455989053
902,Shirlene,Timpany,34,388-709-1468,stimpanyp1@arizona.edu,738 Butternut Terrace,3545623882077204
903,Hall,Kmietsch,50,854-228-6760,hkmietschp2@dion.ne.jp,3 Esch Place,3570471581406243
904,Kristel,Kurtis,43,573-358-0568,kkurtisp3@upenn.edu,0603 Northland Drive,3572161792522718
905,Huey,Laverack,50,404-468-5257,hlaverackp4@addthis.com,427 Stone Corner Crossing,4911470098467884
906,Dorthea,Sandy,55,810-166-6629,dsandyp5@alexa.com,426 Evergreen Hill,337941577791410
907,Cull,Peedell,42,863-440-9610,cpeedellp6@baidu.com,72803 Marquette Lane,3563325860747819
908,Tristam,Millhill,35,540-189-0206,tmillhillp7@bandcamp.com,24197 Raven Drive,3573538554467167
909,Deanne,Henrichs,43,830-341-4837,dhenrichsp8@so-net.ne.jp,8 Londonderry Circle,4446039221156
910,Alexis,Basil,50,205-204-5217,abasilp9@godaddy.com,54440 Erie Plaza,3574639181017489
911,Gardiner,Quirk,57,500-865-9122,gquirkpa@unc.edu,96526 Mendota Trail,5602238575034423
912,Arlina,MacAlroy,33,283-427-1290,amacalroypb@com.com,36 Bluestem Court,3586665109797288
913,Ludovika,Burgwin,35,509-578-6372,lburgwinpc@hp.com,6517 Kenwood Street,5602257659735960
914,Artair,Partkya,24,828-523-8814,apartkyapd@mapquest.com,695 Weeping Birch Crossing,5602223459865118
915,Hastings,Vlasyuk,46,456-313-4011,hvlasyukpe@stanford.edu,47914 Jackson Pass,372301482311083
916,Moshe,Castagneto,59,512-531-9032,mcastagnetopf@buzzfeed.com,0200 Claremont Junction,3581198607231597
917,Arleta,Schechter,39,523-382-6561,aschechterpg@slate.com,6823 Daystar Place,201544230291647
918,Norina,Ilyinykh,33,659-641-8030,nilyinykhph@ed.gov,0139 Arrowood Crossing,3553896479623890
919,Donn,Daton,24,606-565-3196,ddatonpi@cocolog-nifty.com,56 Lotheville Pass,5602236214433188
920,Mathias,Kesterton,49,612-486-8101,mkestertonpj@edublogs.org,296 Twin Pines Drive,3558181203696768
921,Thayne,Pietrzyk,36,319-546-0473,tpietrzykpk@bandcamp.com,2 Sheridan Avenue,4175007993191457
922,Leonore,Castellanos,21,842-618-7832,lcastellanospl@mayoclinic.com,4 Del Sol Road,3566690687408383
923,Modesty,Fownes,58,437-497-0458,mfownespm@elegantthemes.com,55691 Bartelt Center,3553936841771116
924,Penn,Fetherby,48,607-756-1754,pfetherbypn@diigo.com,933 Lighthouse Bay Center,6333651565526022762
925,Herrick,Barclay,47,618-666-2045,hbarclaypo@elpais.com,623 Burrows Avenue,4508652284142392
926,Cassie,Di Bartolomeo,25,524-421-3531,cdibartolomeopp@blinklist.com,927 Corben Court,3530777473949424
927,Deborah,Jozefczak,24,368-825-7930,djozefczakpq@wikipedia.org,2 Ridge Oak Street,3536822333449332
928,Zedekiah,O'Downe,49,742-930-5582,zodownepr@reuters.com,2054 Loomis Road,5048375060893202
929,Tyrone,Pringell,26,113-526-9052,tpringellps@amazon.com,8256 Rusk Avenue,5207036272073689
930,Marissa,George,28,897-222-2597,mgeorgept@joomla.org,61 Pleasure Street,3538760097081123
931,Teddi,O'Ruane,35,149-273-9563,toruanepu@icio.us,2351 Spenser Road,5002357027636217
932,Ardeen,McGuggy,52,677-910-0131,amcguggypv@yahoo.com,2 Shelley Place,6331105174487524
933,Lars,Cornelis,47,579-890-1139,lcornelispw@360.cn,289 Esker Avenue,201709254604195
934,Desdemona,Bum,30,323-470-3615,dbumpx@prlog.org,037 Onsgard Avenue,5108750245694468
935,Devi,Grewe,52,520-913-2352,dgrewepy@simplemachines.org,84 Dayton Lane,5002354237644693
936,Charissa,Carlisle,56,181-640-1698,ccarlislepz@dailymotion.com,247 Milwaukee Way,4175006766125783
937,Charlotte,Woodworth,59,972-808-0277,cwoodworthq0@tinyurl.com,493 Anzinger Terrace,3549412618520992
938,Rockie,Cotilard,30,928-166-6765,rcotilardq1@unicef.org,1 Spenser Center,5007667738533510
939,Daria,Nortcliffe,51,977-492-2190,dnortcliffeq2@vkontakte.ru,1971 Blackbird Center,201973608741778
940,Sasha,Lusher,44,931-596-8956,slusherq3@fema.gov,49583 Petterle Park,201755066542271
941,Harmony,Loyndon,20,937-287-5560,hloyndonq4@hp.com,117 Texas Drive,5602247811384849
942,Nestor,Cruddas,20,628-562-9207,ncruddasq5@cornell.edu,89256 Kingsford Crossing,3559526549671124
943,Alie,Stalf,28,752-692-7490,astalfq6@xing.com,3253 School Parkway,56022232661260864
944,Stafford,Matthews,54,102-951-8495,smatthewsq7@japanpost.jp,7 Mandrake Crossing,3589289099768154
945,Clovis,Lembrick,54,623-372-6577,clembrickq8@va.gov,170 Gerald Park,3567597573422718
946,Madeline,Dolby,36,181-362-8735,mdolbyq9@istockphoto.com,368 Arkansas Road,3555561911433963
947,Milka,Robecon,57,676-217-2399,mrobeconqa@buzzfeed.com,64 Mcguire Place,3533375386973727
948,Jarrid,Arkell,60,837-661-9252,jarkellqb@friendfeed.com,981 School Park,4041592573695797
949,Ramon,Lippiello,47,332-870-0006,rlippielloqc@addthis.com,35 Northview Junction,3533853323282360
950,Penni,Chanter,47,661-475-4337,pchanterqd@google.de,7565 Namekagon Hill,6709830162499432668
951,Yankee,Roughan,22,975-816-7119,yroughanqe@ebay.com,933 Melrose Junction,3530679748942558
952,Xavier,Ondra,53,572-441-9508,xondraqf@pen.io,58 Vidon Place,5602214204196287021
953,Jamima,O'Shevlan,58,865-859-1181,joshevlanqg@wordpress.org,83860 Katie Avenue,3582590901409870
954,Giralda,Clemas,38,523-869-1067,gclemasqh@zdnet.com,47 Paget Center,36930583793563
955,Agatha,Bigglestone,23,385-296-1229,abigglestoneqi@zdnet.com,9812 Forest Plaza,6370200611300851
956,Kathryn,Hemshall,29,508-735-6309,khemshallqj@comsenz.com,81798 Fallview Drive,3532321632972601
957,Atlanta,McGilvray,42,234-298-6856,amcgilvrayqk@netscape.com,172 Cherokee Way,5010128761110457
958,Tommi,Daly,37,259-165-6642,tdalyql@delicious.com,3786 Rockefeller Trail,5602236680367712
959,Nicol,Cornbill,52,215-822-2283,ncornbillqm@accuweather.com,638 Dryden Trail,3538321229129668
960,Murial,Cron,38,880-488-5264,mcronqn@miibeian.gov.cn,99902 Porter Plaza,3571125988761753
961,Kevan,Exrol,23,122-446-7226,kexrolqo@simplemachines.org,8 Sloan Plaza,67715154968998906
962,Garland,Harms,45,254-582-6770,gharmsqp@whitehouse.gov,4 Hoffman Circle,4913412353838936
963,Kaela,Branson,27,912-707-0792,kbransonqq@acquirethisname.com,884 Shopko Drive,3588664910751954
964,Laird,Rankcom,21,413-787-1664,lrankcomqr@cnn.com,855 Lukken Lane,3569387618762866
965,Brand,Doggart,44,930-719-9642,bdoggartqs@oracle.com,634 Moland Parkway,6759654932920378
966,Dennet,Parmenter,53,789-709-2825,dparmenterqt@msn.com,8 Jana Plaza,3560637593016954
967,Lauren,McQuaide,40,797-888-2550,lmcquaidequ@cafepress.com,7102 Holy Cross Park,3540238678378107
968,Niccolo,Piche,39,569-315-1519,npicheqv@indiegogo.com,466 Maple Wood Way,633386786331728614
969,Arel,Beddis,38,943-453-9594,abeddisqw@oaic.gov.au,4 Johnson Avenue,3544280434018334
970,Hilton,Eastbury,58,802-404-6366,heastburyqx@arizona.edu,64 Birchwood Point,5007669240401327
971,Jesselyn,Branchett,28,793-355-0495,jbranchettqy@ow.ly,0 Dixon Hill,5010123784461821
972,Maisie,Ibanez,35,185-869-3610,mibanezqz@addthis.com,51 Lukken Lane,30383538812961
973,Clare,Dowell,36,243-228-1468,cdowellr0@livejournal.com,745 Forest Dale Terrace,3545144400090058
974,Raeann,Randal,53,930-821-8064,rrandalr1@dropbox.com,94 Ronald Regan Park,201599304562141
975,Aeriela,Martinek,43,961-679-8792,amartinekr2@yahoo.com,82218 Elmside Point,30161008436853
976,Mercie,Puckett,44,160-969-8457,mpuckettr3@webmd.com,9296 Little Fleur Court,630440674081317053
977,Edmund,Jury,23,189-191-2853,ejuryr4@tuttocitta.it,3089 Victoria Terrace,3568124440265870
978,Roderick,Drew,28,464-670-9958,rdrewr5@reuters.com,4961 Macpherson Place,3556046963725820
979,Janeta,Perigoe,27,256-715-5555,jperigoer6@opensource.org,03197 Eagle Crest Park,50381551433482482
980,Bryna,Josiah,55,698-536-6800,bjosiahr7@army.mil,5 Fremont Park,5250305948204978
981,Felipe,Van Eeden,59,401-654-7103,fvaneedenr8@princeton.edu,8682 Graedel Lane,3548535979102488
982,Earvin,Denyer,57,798-435-3198,edenyerr9@printfriendly.com,824 Autumn Leaf Crossing,3571401167087801
983,Diane-marie,Dulake,31,399-129-6741,ddulakera@blinklist.com,131 Summerview Point,4175005045338811
984,Kara-lynn,Oade,59,718-166-1781,koaderb@statcounter.com,0048 Memorial Crossing,5602247018097830
985,Maurice,Skitch,24,986-422-9388,mskitchrc@europa.eu,669 Messerschmidt Park,5100175267413910
986,Corty,Relfe,28,906-106-8895,crelferd@chron.com,3230 Norway Maple Trail,3544303030334903
987,Gerti,Wittman,57,165-609-8512,gwittmanre@chronoengine.com,350 Novick Crossing,3530965965187286
988,Matthaeus,Tribe,21,370-892-3315,mtriberf@bigcartel.com,1 Hanson Crossing,3546541783565953
989,Malory,Heading,22,110-612-9337,mheadingrg@cocolog-nifty.com,5 Clyde Gallagher Terrace,3568801220622269
990,Eartha,Guage,55,640-662-7592,eguagerh@sbwire.com,4588 Canary Street,3560369474541856
991,Cobby,Borres,31,216-182-2619,cborresri@un.org,133 Larry Lane,30216244308975
992,Halie,Tanguy,58,571-768-4351,htanguyrj@barnesandnoble.com,21 Linden Circle,6331103830970562202
993,Natalie,Finey,40,249-916-6046,nfineyrk@goo.ne.jp,57 Northfield Trail,5158346289338648
994,Mikel,Shervil,35,695-782-7398,mshervilrl@scientificamerican.com,4 Westridge Alley,3528179342597142
995,Corenda,Fehners,22,129-251-5328,cfehnersrm@freewebs.com,356 Bunker Hill Alley,3562174253289018
996,Giulia,Saby,27,250-113-5623,gsabyrn@stanford.edu,81244 Cottonwood Crossing,3580440920647740
997,Tuck,Ostick,49,961-240-4723,tostickro@1und1.de,16 East Hill,5599992465373912
998,Stafford,Hayler,37,234-510-6840,shaylerrp@berkeley.edu,235 Luster Center,3559019931773823
999,Coleen,Pawel,59,415-536-1267,cpawelrq@ftc.gov,0 Quincy Place,6390798115569489
1000,Rolando,Marten,57,855-715-3383,rmartenrr@wsj.com,2443 Northport Road,564182688226451463
